title,company_name,location,via,thumbnail,extensions,description,job_id,posted_at,work_from_home,date_time,search_term,search_location,schedule_type,salary
Risk Control Manager（Quantitative Trading）,Gate.io,Anywhere,Built In,https://serpapi.com/searches/685141d859eb372d03608a05/images/24c6dd9013e476cea4674f5835ee6c7bdef4353c0f6d661ac10c41ad35cd96c5.jpeg,"['7 days ago', 'Work from home']","Gate.io 作为 球十大数字资产交易所之一 ，我们在交易、安 和区块链产品创新方面提 供一流的服务体验。 我们的目标是让所有人都能参与到加密市场的建设中来，使得最前沿的、 最有潜力的加密 货币项目得以安 上线并交易。你有 趣加 这样一支去中心化团队吗?

岗位职责
• 負責總體風控、尤 是一級市場的事前風控的工作職能；
• 主要產出為量化風控日常評估、風控事件緊急響應、各業務線負責人缺席狀 的替補；
• 整體市場事前風險的監控和預警， 括基本面風險等；
• 同時協助事中風險事件、事 的緊急處理；
• 為各個前線業務線前線交易同事做「自由人」替補。

任职资格
• 本科及以上学历，理工科专业（ 括不限于金融工程，计算机，数学，统计，物理等）专业；
• 至少1年以上的量化交易經驗，有crypto交易經驗更佳；
• 至少1年以上的風險控製相關工作經歷，有FRM等相關證書更佳。

Gate.io 成立于2013年，是领 的加密货币交易所之一，在 球范围 提供与多种领 数字资产交易相 的服务。Gate.io 拥有 千万的注册用户，被认为是 球最安 和最可靠的加密货币平台之一。Gate.io 已经过区块链透明度验证，根据流动性和交易量，一 直稳  球十大加密货币交易所行列(CoinGecko)。

我们崇尚价值至上的原则，您的知识、愿景和自主性将在这里 分发挥，我们专注于使用最好的产品和服务来赢得 球客户的赞誉，并将去中心化的理念带到世界各地。

我们的价值观 含正直、洞察、创新、求知与合作，在 Gate.io ，我们致力于打造独特的Gate⻛格，并寻找与 Gate.io 价值观相契合的你。",eyJqb2JfdGl0bGUiOiJSaXNrIENvbnRyb2wgTWFuYWdlcu+8iFF1YW50aXRhdGl2ZSBUcmFkaW5n77yJIiwiY29tcGFueV9uYW1lIjoiR2F0ZS5pbyIsImFkZHJlc3NfY2l0eSI6IkphcGFuIiwiaHRpZG9jaWQiOiJQUmZTX1FHT2I3aVV1REZwQUFBQUFBPT0iLCJ1dWxlIjoidytDQUlRSUNJRlNtRndZVzQiLCJnbCI6InVzIiwiaGwiOiJlbiJ9,7 days ago,True,2025-06-17 12:22:18.815483,Quantitative Asset Manager,Japan,,
SLAB Trader,BNP Paribas,"Tokyo, Japan",Groupe BNP Paribas,https://serpapi.com/searches/685141e1e6cb303fc623c32c/images/756d473514318bed01252a01ba0672217ec597d43e6c443c4c6f8d168d21f174.png,"['17 days ago', 'Full-time']","Job Title:

Japan SLAB Trader

Date:

15 March 2024

Department:

Prime Trading

Location:

Tokyo
Position Purpose

Provide a brief description of the overall purpose of the position, why this position exists and how it will contribute in achieving the team’s goal.

Trader for Prime Trading Japan – Inventory Management Desk.

General product knowledge for Equity Stock Loan and Borrow.

Understanding of usage of Excel, Bloomberg.

Successful candidate will be proactive, diligent, hardworking, detail oriented, team player and a strong communicator.

Responsibilities

Description

SLAB Trader
• Contribute to the SLAB and Synthetic PB trading activities so as to achieve and enhance budgeted Group PNL.
• Manage and monitor firm's inventory, providing daily color on stock borrow levels, recent trends and analysis and be up to date with regulatory requirements and changes.
• Build and maintain relationship with all offshore lenders, onshore lenders / brokers and brokerage houses. Borrow and lend securities from such external counterparts and identify matchbook opportunities.
• Onboard new counterparty in order to enhance the variety of the inventory.
• Positions and PNL must be reported, checked and explained daily.
• Identify corporate action opportunities from working closely with corporate action team and liaise with external lenders and risk counterparts to bring borrow in and monetize.
• Participating in projects and implementation of new trading tools and platforms. Maintaining an efficient trading/IT environment with a controlled, agile, optimization mindset.
• Improve working relationship between SLAB and Sales Traders and leverage BNP’s cross asset existing strengths (such as stock inventories, competitive financing, access to large number of markets, strong in-house execution capacity to creating more business opportunities.
• Understand Prime business offerings and assist to promote PB platform, in particular cash PB & synthetic flow. Liaise with origination sales and client service representatives to conduct stock borrow loan teach ins and PB Portal securities lending demos etc.
Technical & Behavioral Competencies

- Basic knowledge in finance theory and basic skill in MS Excel, PowerPoint, and Word.

- Japanese and business level English.

- Strong commitment, open-mind, proactive and positive attitude.

- Good Team Player.
Specific Qualifications (if required)

Skills Referential

Behavioural Skills: (Please select up to 4 skills)

Attention to detail / rigor

Client focused

Ability to collaborate / Teamwork

Ability to deliver / Results driven

Transversal Skills: (Please select up to 5 skills)

Ability to develop and leverage networks

Ability to develop others & improve their skills

Ability to anticipate business / strategic evolution

Choose an item.

Choose an item.

Education Level:

Bachelor Degree or equivalent (3 years)

Experience Level

At least 3 years

Other/Specific Qualifications (if required)",eyJqb2JfdGl0bGUiOiJTTEFCIFRyYWRlciIsImNvbXBhbnlfbmFtZSI6IkJOUCBQYXJpYmFzIiwiYWRkcmVzc19jaXR5IjoiVG9reW8sIEphcGFuIiwiaHRpZG9jaWQiOiJhaTJ0TUxOX1luMWhmRjhWQUFBQUFBPT0iLCJ1dWxlIjoidytDQUlRSUNJRlNtRndZVzQiLCJnbCI6InVzIiwiaGwiOiJlbiJ9,17 days ago,,2025-06-17 12:22:26.698120,Trader,Japan,Full-time,
"Junior Trader Grains, Oilseeds and Feedstuff",Archer Daniels Midland Company (ADM),"Chiyoda City, Tokyo, Japan",AgCareers.com,https://serpapi.com/searches/685141e1e6cb303fc623c32c/images/756d473514318bedaf2014519b04b7f49b0acc2405529c121949c7d2e1a97946.jpeg,"['18 days ago', 'Full-time']","Job DescriptionThe position is responsible to support Marketing/Trading (including purchase and sale) of Corn, Barley, wheat and oilseeds and feedstuff to the key players of the Japanese market. The incumbent will be part of a team with responsibility for maintaining close contact with customers in addition to analyze information and share it through the company's relevant stakeholders. The position also communicates market information, opportunity and activity within the country.Your ResponsibilitiesMarketing/trading feed and food grain(corn/sorghum/wheat/barley), oilseeds(canola/soybeans/cotton), and feedstuff(soybean meal/DDGS/CGM) in both bulk and containers into Japanese market out of mainly US/Australia/Brazil/Argentina/Paraguay/Turkey/UkraineManage the relationship with each buyer of each productManage the relationship with traders and execution team internallyDaily contact with ADM traders and buyers and look for any potential demandDaily activities and cares of all bulk and containers execution between ADM offices and buyers including overseeing paymentAnalyse international grain/oilseed/feedstuff market on daily basis and talk to each buyer in order to exchange the market informationAnalyse local market and prepare for the local market information on daily basis and send to the tradersPrepare for local data such as import statistics/oilseed crushing/feed production on monthly basis and send to economic research team in Singapore and GermanyPrepare for and attend any internal and external meetings of the products you handlePrepare for weekly market wire and send to the traders internallyYour ProfileBachelor Degree with business/agricultural/economic/trading background preferred1-3 years of experience in commodities, finance, or logistics preferred (new graduates with strong internship experience will also be considered).Excellent communication skills in English and Japanese (business proficiency required).Proficiency in Excel; experience with trading or risk management systems is a plus.Ability to thrive in a fast-paced, competitive environment.Analytical mindset with proficiency in market analysis and forecasting.A strong interest in global markets, agriculture, and international trade.Your Future PerspectiveChallenging tasks, short decision-making processes and a high level of personal responsibility in a modern work environment with flexible work time modelsRoom for innovative thinking and growth with the possibility to manage your own career path.A company culture which promotes continuous learning and diversity.Excellent career opportunities in a world leading nutrition company.An attractive remuneration including a variety of social benefits like subsidized health & fitness offers.#IncludingYouDiversity, equity, inclusion and belonging are cornerstones of ADM's efforts to continue innovating, driving growth, and delivering outstanding performance. We are committed to attracting and retaining a diverse workforce and create welcoming, truly inclusive work environments - environments that enable every ADM colleague to feel comfortable on the job, make meaningful contributions to our success, and grow their career. We respect and value the unique backgrounds and experiences that each person can bring to ADM because we know that diversity of perspectives makes us better, together.For more information regarding our efforts to advance Diversity, Equity, Inclusion & Belonging, please visit our website here: Diversity, Equity and Inclusion | ADM.",eyJqb2JfdGl0bGUiOiJKdW5pb3IgVHJhZGVyIEdyYWlucywgT2lsc2VlZHMgYW5kIEZlZWRzdHVmZiIsImNvbXBhbnlfbmFtZSI6IkFyY2hlciBEYW5pZWxzIE1pZGxhbmQgQ29tcGFueSAoQURNKSIsImFkZHJlc3NfY2l0eSI6IkNoaXlvZGEgQ2l0eSwgVG9reW8sIEphcGFuIiwiaHRpZG9jaWQiOiJ2aVdpNXA3ZEVvRFg1VkFkQUFBQUFBPT0iLCJ1dWxlIjoidytDQUlRSUNJRlNtRndZVzQiLCJnbCI6InVzIiwiaGwiOiJlbiJ9,18 days ago,,2025-06-17 12:22:26.698120,Trader,Japan,Full-time,
Junior Grains Trader,Morgan Philips Executive Search,Japan,Morgan Philips - Morgan Philips Group,https://serpapi.com/searches/685141e1e6cb303fc623c32c/images/756d473514318bedd2459c2bd758479a95ed606ff92294982b237a236c5e54e2.png,"['1 day ago', '40K–50K a year', 'Full-time']","Job Title: Junior Grains Trader

Location: Japan

Overview

We are seeking a motivated Junior Grains Trader to join a leading trading organization in Japan. This role is essential for supporting trading operations and contributing to the growth of the grains portfolio. The ideal candidate will have a strong interest in commodities trading, excellent analytical skills, and a desire to learn and grow within the industry.

Key Responsibilities
• Market Analysis:

Conduct research and analysis of grain markets, including price trends, supply and demand dynamics, and competitor activities.
• Trade Execution:

Assist in executing trades and managing positions while ensuring compliance with company policies and market regulations.
• Client Interaction:

Support senior traders in building and maintaining relationships with clients, suppliers, and other stakeholders.
• Data Management:

Maintain accurate records of trades, market data, and client interactions to support decision-making.
• Reporting:

Prepare reports and presentations on market conditions, trade performance, and other relevant metrics for management.
• Collaboration:

Work closely with cross-functional teams, including logistics, risk management, and finance, to support trading operations.
• Continuous Learning:

Stay informed about market developments and industry trends, actively seeking opportunities for professional growth and development.

Qualifications
• Education:

Bachelor’s degree in Business, Finance, Agricultural Economics, or a related field.
• Experience:

1-2 years of experience in trading, finance, or commodities is a plus but not required; internships or relevant coursework will be considered.
• Analytical Skills:

Strong analytical and quantitative skills, with proficiency in data analysis and market research.
• Communication Skills:

Excellent verbal and written communication skills in English and Japanese, with the ability to engage effectively with diverse stakeholders.
• Team Player:

Ability to work collaboratively in a fast-paced environment, demonstrating adaptability and a proactive approach.
• Interest in Commodities:

A genuine interest in grains and commodities trading, with a desire to develop expertise in the field.

Why Join This Organization?

This is an exciting opportunity to launch your career in commodities trading within a dynamic and innovative environment. If you are a passionate individual looking to make a significant impact, we invite you to apply and be part of a forward-thinking team!",eyJqb2JfdGl0bGUiOiJKdW5pb3IgR3JhaW5zIFRyYWRlciIsImNvbXBhbnlfbmFtZSI6Ik1vcmdhbiBQaGlsaXBzIEV4ZWN1dGl2ZSBTZWFyY2giLCJhZGRyZXNzX2NpdHkiOiJKYXBhbiIsImh0aWRvY2lkIjoiWDUwRnZlNG92S1FfNks2ZkFBQUFBQT09IiwidXVsZSI6IncrQ0FJUUlDSUZTbUZ3WVc0IiwiZ2wiOiJ1cyIsImhsIjoiZW4ifQ==,1 day ago,,2025-06-17 12:22:26.698120,Trader,Japan,Full-time,40K–50K a year
JGB Trader VP-Director Tokyo - Market Making Expert Wanted,Morgan McKinley,"Tokyo, Japan",Morgan McKinley,https://serpapi.com/searches/685141e1e6cb303fc623c32c/images/756d473514318bede56d8d18be283f5202a6ccaf3bcc086f24fc769c3f36606b.jpeg,"['29 days ago', 'Full-time', 'No degree mentioned']","A leading global investment bank is seeking a seasoned JGB Trader (VP to Director level) to join its front office in Tokyo. This role is focused on market making of Japanese Government Bonds (JGBs), offering the opportunity to contribute to a growing team within a high-performing trading environment. You'll play a key role in liquidity provision and trade execution in one of the world's most active bond markets.

Key Responsibilities
• Execute and manage JGB trades as part of the bank's market making activities
• Provide consistent liquidity and pricing across institutional client channels
• Monitor market movements and implement appropriate trading strategies
• Collaborate closely with sales, research, and risk management teams
• Ensure compliance with all internal policies and regulatory guidelines

Required Skills and Qualifications

Experience:
• Minimum 5 years of JGB market making experience at an investment bank in Japan
• Proven track record in executing high-volume trades and managing market risk

Soft Skills:
• Strong market sense, analytical thinking, and execution speed
• High level of attention to compliance, controls, and risk frameworks
• Collaborative team player with effective communication under pressure

Language Requirements
• Japanese: Native level (required for execution and communication)
• English: Intermediate to Business level (for internal collaboration)

Preferred Skills & Qualifications
• Experience interacting with institutional investors and buy-side clients
• Background in global markets or experience at an international investment bank
• Familiarity with electronic trading platforms and algorithmic strategies

About the Company

Our client is a top-tier global investment bank with a robust trading platform and a strong presence in Japan. The firm is known for its performance-driven culture, advanced infrastructure, and commitment to talent development. This role offers a unique opportunity to work at the forefront of the Japanese government bond market.

Why You'll Love Working Here
• Be part of a growing front office trading team with global visibility
• Work for a reputable investment bank with strong market positioning
• Gain exposure to cutting-edge trading technology and global clients
• Competitive compensation structure with significant upside
• Clear pathway for career progression from VP to Director level

Don't Miss Out - Apply Now!",eyJqb2JfdGl0bGUiOiJKR0IgVHJhZGVyIFZQLURpcmVjdG9yIFRva3lvIC0gTWFya2V0IE1ha2luZyBFeHBlcnQgV2FudGVkIiwiY29tcGFueV9uYW1lIjoiTW9yZ2FuIE1jS2lubGV5IiwiYWRkcmVzc19jaXR5IjoiVG9reW8sIEphcGFuIiwiaHRpZG9jaWQiOiJPWEw2Xy1RdGFxalYtY0c4QUFBQUFBPT0iLCJ1dWxlIjoidytDQUlRSUNJRlNtRndZVzQiLCJnbCI6InVzIiwiaGwiOiJlbiJ9,29 days ago,,2025-06-17 12:22:26.698120,Trader,Japan,Full-time,
Investment Bank - Exotic Derivatives Trader - Director,Deutsche Bank,"Tokyo, Japan",JobzMall,https://serpapi.com/searches/685141e1e6cb303fc623c32c/images/756d473514318bedfb6d650a0c4d2766d3a697c891d88f7e14b48f1fd5794b2e.png,"['29 days ago', 'Full-time', 'No degree mentioned']","Welcome to Deutsche Bank, a leading global investment bank with a rich history of innovation and excellence. We are currently seeking a highly skilled and experienced Exotic Derivatives Trader to join our team as a Director. As a key member of our Investment Bank division, you will have the opportunity to work with cutting-edge financial products and collaborate with top industry professionals. If you are a self-motivated and dynamic individual with a passion for the fast-paced world of investment banking, we invite you to apply for this exciting opportunity.

Manage and execute trades for exotic derivatives, ensuring compliance with bank policies and regulations.
Monitor and analyze market trends, economic indicators, and other factors that may impact the performance of exotic derivatives.
Develop and maintain relationships with clients, providing them with expert advice and guidance on exotic derivatives trading.
Collaborate with other team members and departments to develop and implement trading strategies that align with the bank's goals and objectives.
Stay up-to-date on industry developments and trends related to exotic derivatives, and share knowledge and insights with colleagues.
Manage and maintain trading positions and risk exposures in accordance with established risk management guidelines.
Utilize financial models and tools to analyze and evaluate the risk and potential profitability of exotic derivatives.
Provide regular reports and updates to senior management on the performance of exotic derivatives trading activities.
Mentor and train junior traders, sharing knowledge and expertise to help them develop their skills and grow within the organization.
Continuously evaluate and improve trading processes and procedures to ensure efficiency and effectiveness.

Deutsche Bank is an Equal Opportunity Employer. We celebrate diversity and are committed to creating an inclusive environment for all employees. We do not discriminate based upon race, religion, color, national origin, sex, sexual orientation, gender identity, age, status as a protected veteran, status as an individual with a disability, or other applicable legally protected characteristics.",eyJqb2JfdGl0bGUiOiJJbnZlc3RtZW50IEJhbmsgLSBFeG90aWMgRGVyaXZhdGl2ZXMgVHJhZGVyIC0gRGlyZWN0b3IiLCJjb21wYW55X25hbWUiOiJEZXV0c2NoZSBCYW5rIiwiYWRkcmVzc19jaXR5IjoiVG9reW8sIEphcGFuIiwiaHRpZG9jaWQiOiJsNllZQl9UUDdWTmdoWXVwQUFBQUFBPT0iLCJ1dWxlIjoidytDQUlRSUNJRlNtRndZVzQiLCJnbCI6InVzIiwiaGwiOiJlbiJ9,29 days ago,,2025-06-17 12:22:26.698120,Trader,Japan,Full-time,
Prime Services Equity Finance Trader - Tokyo,Morgan McKinley,"Tokyo, Japan",Morgan McKinley,https://serpapi.com/searches/685141e1e6cb303fc623c32c/images/756d473514318bedc7b72850b17a11fa4761f6570787a884c5541c4e327264cc.jpeg,"['8 days ago', 'Full-time', 'No degree mentioned']","A rare opportunity to join a leading global investment bank as a Prime Services Equity Finance Trader, covering APAC financial institutions. This is a senior front-office trading role at the Director to Managing Director level, where you will drive revenue through high-impact client coverage, cross-border execution, and market-making strategies in equity finance products.

Key Responsibilities
• Lead prime services and equity finance trading coverage for APAC-based financial institution clients
• Execute financing, securities lending, and equity collateral transactions across global markets
• Collaborate with global desks and operations teams to deliver seamless execution and reporting
• Identify new client opportunities and enhance existing relationships with institutional clients
• Ensure adherence to regulatory standards and internal risk management protocols

Required Skills and Qualifications

Experience:
• Minimum 10 years of experience in prime services or equity finance trading at an investment bank in Japan
• Proven track record in revenue generation and institutional client coverage

Language Requirements:
• Japanese: Native level
• English: Fluent level

Soft Skills:
• Strong relationship management, negotiation, and communication skills
• Strategic thinking and deep knowledge of cross-border equity finance markets

Preferred Skills & Qualifications
• Experience with APAC client coverage and regional product strategies
• Familiarity with securities lending systems and cross-product coordination

About the Company

Our client is a top-tier global investment bank known for its strength in equity and financing markets. With a long-established presence in Tokyo and across Asia Pacific, the firm offers a stable platform, global connectivity, and the opportunity to work at the cutting edge of capital markets innovation.

Why You'll Love Working Here
• Competitive compensation package with senior-level recognition
• Strategic role within a high-performing front office team
• Exposure to complex, cross-border trading flows and client strategies
• Established global brand with deep regional client relationships
• Professional growth within a collaborative and elite trading environment

Don't Miss Out - Apply Now!",eyJqb2JfdGl0bGUiOiJQcmltZSBTZXJ2aWNlcyBFcXVpdHkgRmluYW5jZSBUcmFkZXIgLSBUb2t5byIsImNvbXBhbnlfbmFtZSI6Ik1vcmdhbiBNY0tpbmxleSIsImFkZHJlc3NfY2l0eSI6IlRva3lvLCBKYXBhbiIsImh0aWRvY2lkIjoiVkh1a3N1eVFiODRURjBqZEFBQUFBQT09IiwidXVsZSI6IncrQ0FJUUlDSUZTbUZ3WVc0IiwiZ2wiOiJ1cyIsImhsIjoiZW4ifQ==,8 days ago,,2025-06-17 12:22:26.698120,Trader,Japan,Full-time,
JPY Swap Trader - Global Markets,Societe Generale,"Tokyo, Japan (+1 other)",Levels.fyi,,"['10 days ago', 'Full-time', 'No degree mentioned']","Reference 24000LU3

Responsibilities

Primary Objectives:

• Provide liquidity/Market making in JPY Rates
• Manage risks, Generate alpha
• Provide insightful/valuable commentary, traded ideas, market color to the sales & team
• Collaboration with all the sales regionally & globally, as well all relevant trading desks
• Work closely with IT, Quants to be part of automation project

Major Accountabilities/Principal Responsibilities:

Duties

• Price and Manage the JPY Swap
• Provide timely commentary & analysis of events affecting relevant markets
• Collaborate with quantitative developers to improve trading tools and systems to help SG become more efficient in pricing and managing risk

Required

Profile required

Applicant Eligibility:

• At least 3 years of experience of JPY rates market
• Native Japanese + business level English

Key Skill Areas & knowledge Required:

• Rates market experience, expertise and knowledge
• Good communication skills and Collaborative mindset

Language

• English Language: Business Level
• Japanese Language: Native Level

Business insight

Societe Generale is one of the leading European financial services groups. Founded in 1864, we have been playing a vital role in the economy for over 150 years. With more than 148,000 employees based in 76 countries worldwide, we accompany 32 million clients throughout the world on a daily basis. Based on a diversified universal banking model, the Group combines financial strength with a strategy of sustainable growth.

Our expertise in the Asia Pacific region ranges from Corporate & Investment Banking (Advisory, Financing and Global Markets) to Asset Management, Securities Services, Trade Finance and Cash Management Services. Leveraging on our formidable global footprint, we serve corporates, financial institutions, and the public sector. With our regional headquarters in Hong Kong, we operate in 11 countries across Asia Pacific, employing over 6,600 employees. You can find us in Beijing, Seoul, Tokyo, Singapore, Mumbai, Sydney and other locations in the region.

Diversity and Inclusion

We are an equal opportunities employer and we are proud to make diversity a strength for our company. Societe Generale is committed to recognizing and promoting all talents, regardless of their beliefs, age, disability, parental status, ethnic origin, nationality, gender identity, sexual orientation, membership of a political, religious, trade union or minority organisation, or any other characteristic that could be subject to discrimination.",eyJqb2JfdGl0bGUiOiJKUFkgU3dhcCBUcmFkZXIgLSBHbG9iYWwgTWFya2V0cyIsImNvbXBhbnlfbmFtZSI6IlNvY2lldGUgR2VuZXJhbGUiLCJhZGRyZXNzX2NpdHkiOiJUb2t5bywgSmFwYW4iLCJodGlkb2NpZCI6ImlqZ0FvZVNrd2NiWVNfamxBQUFBQUE9PSIsInV1bGUiOiJ3K0NBSVFJQ0lGU21Gd1lXNCIsImdsIjoidXMiLCJobCI6ImVuIn0=,10 days ago,,2025-06-17 12:22:26.698120,Trader,Japan,Full-time,
Japan Bunker Trader,Selby Jennings,Japan,LinkedIn,https://serpapi.com/searches/685141e1e6cb303fc623c32c/images/756d473514318bed85e923c88db1401d86fcd5829e811ac319f7fd00775dabae.jpeg,"['1 day ago', 'Full-time']","Job Descriptions:
As a Japan Bunker Sales Trader, you will be responsible for developing and managing client relationships, executing bunker fuel transactions, and maximizing profit margins. You will work closely with shipping companies, suppliers, and internal stakeholders to ensure timely and efficient service delivery.

We are primarily looking for someone that is based in Tokyo and has a strong network in the Japanese bunker market.

Key Responsibilities:
• Client Management: Build and maintain relationships with existing and potential clients in the shipping and maritime industry.
• Market Analysis: Monitor and analyze market trends, pricing, and competitor activities to identify business opportunities.
• Sales Execution: Negotiate and execute bunker fuel contracts, ensuring competitive pricing and favorable terms.
• Coordination: Collaborate with operations and logistics teams to ensure seamless delivery of fuel services.
• Reporting: Prepare and present regular reports on sales performance, market conditions, and strategic recommendations.
• Compliance: Ensure all transactions comply with relevant regulations and company policies.",eyJqb2JfdGl0bGUiOiJKYXBhbiBCdW5rZXIgVHJhZGVyIiwiY29tcGFueV9uYW1lIjoiU2VsYnkgSmVubmluZ3MiLCJhZGRyZXNzX2NpdHkiOiJKYXBhbiIsImh0aWRvY2lkIjoiRVBIaGtOajRHSXZ0a0tEd0FBQUFBQT09IiwidXVsZSI6IncrQ0FJUUlDSUZTbUZ3WVc0IiwiZ2wiOiJ1cyIsImhsIjoiZW4ifQ==,1 day ago,,2025-06-17 12:22:26.698120,Trader,Japan,Full-time,
"JGB Trader VP-Director | Investment Bank | Tokyo | Tokyo, JP",Morgan McKinley,"Tokyo, Japan",EFinancialCareers JP,https://serpapi.com/searches/685141e1e6cb303fc623c32c/images/756d473514318bedfa9f8d73bad41d69d8b5fa7f12e3cbdf3c3a6e498035ab12.jpeg,"['14 days ago', 'Full-time']","A leading global investment bank is hiring an experienced JGB Trader (VP to Director level) to join its Tokyo trading desk. This rare senior opportunity is ideal for market makers with a proven track record in the Japanese government bond (JGB) market. You'll be part of a high-performing team, driving trading strategy and execution in one of Asia's most liquid fixed income markets.
Key Responsibilities
• Execute and manage market-making activities in Japanese Government Bonds (JGBs)
• Provide pricing, risk management, and liquidity across JGB products
• Collaborate with sales, strategy, and risk teams to optimize market positioning
• Monitor and respond to macroeconomic trends, BOJ policy, and market dynamics
• Ensure regulatory compliance and internal risk controls are strictly followed Required Skills and Qualifications
• Minimum 5 years of JGB market-making experience at an investment bank based in Japan
• Deep understanding of Japanese fixed income markets, including BOJ operations and trading conventions
• Strong trading acumen with real-time decision-making under pressure
• Bachelor's degree or higher Language Requirements
• Japanese: Native-level fluency (written and spoken)
• English: Business-level proficiency Preferred Skills & Qualifications
• Experience navigating regulatory frameworks and capital requirements
• Ability to operate effectively in both domestic and global institutional environments
• Familiarity with electronic trading platforms and analytics tools About the Company
Our client is a major global investment bank with a strong presence in Japan's capital markets. The firm is known for its robust trading infrastructure, elite global client base, and commitment to innovation. This role provides the opportunity to influence the JGB trading strategy while working alongside world-class professionals.
Why You'll Love Working Here
• Highly competitive compensation at the VP-Director level
• Rare opportunity to step into a senior trading seat in Tokyo
• Access to top-tier infrastructure and cross-border flow
• Direct involvement in strategic trading decisions and innovation
• Stable, reputable employer with strong compliance and governance Don't Miss Out - Apply Now!",eyJqb2JfdGl0bGUiOiJKR0IgVHJhZGVyIFZQLURpcmVjdG9yIHwgSW52ZXN0bWVudCBCYW5rIHwgVG9reW8gfCBUb2t5bywgSlAiLCJjb21wYW55X25hbWUiOiJNb3JnYW4gTWNLaW5sZXkiLCJhZGRyZXNzX2NpdHkiOiJUb2t5bywgSmFwYW4iLCJodGlkb2NpZCI6IkRVWldrck00a2NhOHlDMmRBQUFBQUE9PSIsInV1bGUiOiJ3K0NBSVFJQ0lGU21Gd1lXNCIsImdsIjoidXMiLCJobCI6ImVuIn0=,14 days ago,,2025-06-17 12:22:26.698120,Trader,Japan,Full-time,
"Electronic Sales Trader, Trading",CLSA,Japan,LinkedIn,https://serpapi.com/searches/685141e1e6cb303fc623c32c/images/756d473514318bed0cc2f306b1cfc94293224c7430f0a5dbeda59cb3d9be738c.jpeg,"['7 days ago', 'Full-time', 'No degree mentioned']","Key Areas of Responsibilities
• Provide comprehensive algo coverage for APAC markets, offering market insights and facilitating the entire algo trade execution process from order placement to settlement for clients
• Monitor client trades, explaining and advising on the optimal usage of algos, and conducting algo training sessions for clients.
• Meet with both new and existing clients to promote the CLSA algo platform, providing updates on new algos and conducting TCA (Transaction Cost Analysis) reviews
• Collaborate with the APAC team, specializing in Japan, to ensure regional coverage and support
• Liaise with Quant/IT/Development teams to contribute to project initiatives, and collaborate with Operations/Settlements to address trade and booking inquiries
• Coordinate with Operations and Compliance departments, while also collaborating with IT on system development efforts

Requirements
• At least 3-5 years of relevant experience
• Fluent in Japanese and English
• Mathematical competency with the ability to apply mathematical knowledge to analyse and interpret data
• Strong team work and collaboration skills, with the ability to work effectively in a team orientated environment
• Excellent communication and interpersonal skills with the ability to foster positive working relationships
• Have a high level of drive and commercial acumen, coupled with a willingness to take responsibility
• Strong attention to detail and maintain a focused approach during market hours to ensure accurate and efficient execution
• Strong logical thinking skills and the ability to quickly grasp the concepts and mechanics of algos
• Strong multitasking capabilities with the capacity to manage and prioritise multiple tasks simultaneously.
• Possess a competitive and hardworking mindset, driven by a desire for success and committed to delivering high-quality output
• Maintain a high level of professionalism to enhance the company’s profile within the market place and amongst our client base",eyJqb2JfdGl0bGUiOiJFbGVjdHJvbmljIFNhbGVzIFRyYWRlciwgVHJhZGluZyIsImNvbXBhbnlfbmFtZSI6IkNMU0EiLCJhZGRyZXNzX2NpdHkiOiJKYXBhbiIsImh0aWRvY2lkIjoiRk8ta0FTSjV3YWhOYjhVeEFBQUFBQT09IiwidXVsZSI6IncrQ0FJUUlDSUZTbUZ3WVc0IiwiZ2wiOiJ1cyIsImhsIjoiZW4ifQ==,7 days ago,,2025-06-17 12:22:26.698120,Trader,Japan,Full-time,
JGB Trader,BNP Paribas,Japan,LinkedIn,https://serpapi.com/searches/685141e20e285df84e987a7c/images/b905f83de6355e75f9b847a6d596c4f55bf4459627321f22488b5ef277928667.gif,"['7 days ago', 'Full-time']","Position Purpose

Responsibilities

Direct Responsibilities
• E-trading and voice trading of JGBs
• Contributing Responsibilities

Technical & Behavioral Competencies

Specific Qualifications (if Required)
• Minimum of 2+ years or related experience in trading of the underlying products
• Language: English fluency required with Japanese language ability

Skills Referential

Behavioural Skills:
• Ability to collaborate / Teamwork
• Decision Making
• Ability to deliver / Results driven
• Client focused

Education Level: Bachelor Degree or equivalent (3 years)

Experience Level : At least 2 years",eyJqb2JfdGl0bGUiOiJKR0IgVHJhZGVyIiwiY29tcGFueV9uYW1lIjoiQk5QIFBhcmliYXMiLCJhZGRyZXNzX2NpdHkiOiJKYXBhbiIsImh0aWRvY2lkIjoiakFNTHpnS3luU3VZVHNxZUFBQUFBQT09IiwidXVsZSI6IncrQ0FJUUlDSUZTbUZ3WVc0IiwiZ2wiOiJ1cyIsImhsIjoiZW4ifQ==,7 days ago,,2025-06-17 12:22:28.132072,Trader,Japan,Full-time,
Bilingual Assistant Trader - Equities | Contract | Tokyo,Morgan McKinley,"Tokyo, Japan",Morgan McKinley,https://serpapi.com/searches/685141e20e285df84e987a7c/images/b905f83de6355e751a61fad1a8579e288200d91828e26e701677cc58e2dd2bc1.gif,"['15 days ago', 'Contractor', 'No degree mentioned']","A leading European financial services firm is seeking a Bilingual Assistant Trader to support equity trading operations in Tokyo. This is an excellent opportunity for candidates currently based in Japan with a valid work visa, looking to gain hands-on experience in equity-based products within a dynamic global trading floor. You will work closely with traders and sales teams while engaging across front, middle, and back-office functions.

Key Responsibilities
• Support traders in executing linear equity products such as securities lending, TRS, FX, futures, and forwards
• Assist with daily Net Business Income (NBI) analysis to help achieve revenue targets
• Manage Japanese equity stock lending/borrowing, including short covering and interbank transactions
• Deliver dividend yield enhancement solutions in collaboration with traders and sales through TRS and asset switch structures
• Coordinate with middle- and back-office teams to manage collateral, avoid settlement failures, and address corporate action risks
• Act as a key business partner by monitoring resource usage and communicating across compliance, legal, and support functions

Required Skills and Qualifications

Experience:
• 1-3 years of experience in equity trading, settlement, or financial operations
• Strong familiarity with Japanese equities and trading/settlement processes (onshore and offshore)

Licensing:
• JSDA license for both cash and derivative products

Soft Skills:
• Strong numerical and analytical skills with attention to accuracy and detail
• Ability to identify discrepancies and manage complex trading books
• Team player with integrity, adaptability, and eagerness to learn

Language Requirements
• Japanese: Business-level or above
• English: Business-level proficiency

About the Company

Our client is a European-based financial services firm with a strong global presence, offering cutting-edge trading solutions and cross-asset investment strategies. Their Tokyo office provides deep exposure to international markets and mentorship from senior professionals on the trading floor.

Why You'll Love Working Here
• Competitive hourly rate and contract-based flexibility
• Excellent opportunity for early-career talent to gain front-office experience
• Collaborative and dynamic environment with exposure to international markets
• Work side-by-side with experienced traders in a fast-paced setting
• Ideal stepping stone for a long-term trading or market operations career

Don't Miss Out - Apply Now!",eyJqb2JfdGl0bGUiOiJCaWxpbmd1YWwgQXNzaXN0YW50IFRyYWRlciAtIEVxdWl0aWVzIHwgQ29udHJhY3QgfCBUb2t5byIsImNvbXBhbnlfbmFtZSI6Ik1vcmdhbiBNY0tpbmxleSIsImFkZHJlc3NfY2l0eSI6IlRva3lvLCBKYXBhbiIsImh0aWRvY2lkIjoiUUVqWDJwUTdnV01IaEpSZ0FBQUFBQT09IiwidXVsZSI6IncrQ0FJUUlDSUZTbUZ3WVc0IiwiZ2wiOiJ1cyIsImhsIjoiZW4ifQ==,15 days ago,,2025-06-17 12:22:28.132072,Trader,Japan,Contractor,
Voice Portfolio Trader - Japan,UBS,Japan,LinkedIn,https://serpapi.com/searches/685141e20e285df84e987a7c/images/b905f83de6355e75ed346c67c54046b256035cf98316d9d3b739ce71f543459f.gif,"['4 days ago', 'Full-time']","Job Reference #
320596BR

Job Type
Full Time

Your role
Are you analytical and strategically minded professional with a strong passion and interest for markets? Do you want to work in a fast-paced environment and help provide strategic and differentiated solution to clients?

We’re looking for someone like that who can:
• effectively manage and fulfill client orders
• develop client relationships, giving them market information, commentary and execution ideas
• make strategic plans to expand existing client base
• identify issues affecting clients and provide creative and differentiated solutions to clients
• follow regulations, compliance policies, desk policies, limits and guidelines

Your team
You’ll be working with Portfolio Trading team under Execution Services group based in Japan.

Your expertise
• [List up to 6-8 Skills]

About Us
UBS is the world’s largest and the only truly global wealth manager. We operate through four business divisions: Global Wealth Management, Personal & Corporate Banking, Asset Management and the Investment Bank. Our global reach and the breadth of our expertise set us apart from our competitors.

We have a presence in all major financial centers in more than 50 countries.

How We Hire
• university degree in business administration, management, finance or economics
• experience managing both domestic and international client relationships
• analytical, strategic, and idea driven, detail-oriented, multi-tasking, and self-driven
• passionate about the client experience, with strong interpersonal skills (you have the human touch)

Join us
At UBS, we know that it's our people, with their diverse skills, experiences and backgrounds, who drive our ongoing success. We’re dedicated to our craft and passionate about putting our people first, with new challenges, a supportive team, opportunities to grow and flexible working options when possible. Our inclusive culture brings out the best in our employees, wherever they are on their career journey. We also recognize that great work is never done alone. That’s why collaboration is at the heart of everything we do. Because together, we’re more than ourselves.

We’re committed to disability inclusion and if you need reasonable accommodation/adjustments throughout our recruitment process, you can always contact us.

Disclaimer / Policy Statements
UBS is an Equal Opportunity Employer. We respect and seek to empower each individual and support the diverse cultures, perspectives, skills and experiences within our workforce.

Your Career Comeback
We are open to applications from career returners. Find out more about our program on ubs.com/careercomeback.",eyJqb2JfdGl0bGUiOiJWb2ljZSBQb3J0Zm9saW8gVHJhZGVyIC0gSmFwYW4iLCJjb21wYW55X25hbWUiOiJVQlMiLCJhZGRyZXNzX2NpdHkiOiJKYXBhbiIsImh0aWRvY2lkIjoiZ0hnLXg4eXMyR3FtdElhakFBQUFBQT09IiwidXVsZSI6IncrQ0FJUUlDSUZTbUZ3WVc0IiwiZ2wiOiJ1cyIsImhsIjoiZW4ifQ==,4 days ago,,2025-06-17 12:22:28.132072,Trader,Japan,Full-time,
JPY Swap Trader - Global Markets,Société Générale,Japan,LinkedIn,https://serpapi.com/searches/685141e20e285df84e987a7c/images/b905f83de6355e75d0f21d6d76128bd5300e309e1ce1aa599ef976207c7fc9b3.gif,"['11 days ago', 'Full-time', 'No degree mentioned']","Reference 24000LU3

Responsibilities

Primary Objectives:
• Provide liquidity/Market making in JPY Rates
• Manage risks, Generate alpha
• Provide insightful/valuable commentary, traded ideas, market color to the sales & team
• Collaboration with all the sales regionally & globally, as well all relevant trading desks
• Work closely with IT, Quants to be part of automation project

Major Accountabilities/Principal Responsibilities:

Duties
• Price and Manage the JPY Swap
• Provide timely commentary & analysis of events affecting relevant markets
• Collaborate with quantitative developers to improve trading tools and systems to help SG become more efficient in pricing and managing risk

Required

Profile required

Applicant Eligibility:
• At least 3 years of experience of JPY rates market
• Native Japanese + business level English

Key Skill Areas & knowledge Required:
• Rates market experience, expertise and knowledge
• Good communication skills and Collaborative mindset

Language
• English Language: Business Level
• Japanese Language: Native Level

Business insight

Societe Generale is one of the leading European financial services groups. Founded in 1864, we have been playing a vital role in the economy for over 150 years. With more than 148,000 employees based in 76 countries worldwide, we accompany 32 million clients throughout the world on a daily basis. Based on a diversified universal banking model, the Group combines financial strength with a strategy of sustainable growth.

Our expertise in the Asia Pacific region ranges from Corporate & Investment Banking (Advisory, Financing and Global Markets) to Asset Management, Securities Services, Trade Finance and Cash Management Services. Leveraging on our formidable global footprint, we serve corporates, financial institutions, and the public sector. With our regional headquarters in Hong Kong, we operate in 11 countries across Asia Pacific, employing over 6,600 employees. You can find us in Beijing, Seoul, Tokyo, Singapore, Mumbai, Sydney and other locations in the region.

Diversity and Inclusion

We are an equal opportunities employer and we are proud to make diversity a strength for our company. Societe Generale is committed to recognizing and promoting all talents, regardless of their beliefs, age, disability, parental status, ethnic origin, nationality, gender identity, sexual orientation, membership of a political, religious, trade union or minority organisation, or any other characteristic that could be subject to discrimination.",eyJqb2JfdGl0bGUiOiJKUFkgU3dhcCBUcmFkZXIgLSBHbG9iYWwgTWFya2V0cyIsImNvbXBhbnlfbmFtZSI6IlNvY2nDqXTDqSBHw6luw6lyYWxlIiwiYWRkcmVzc19jaXR5IjoiSmFwYW4iLCJodGlkb2NpZCI6IjkwS0pDTFpmcWVpWmRaOXRBQUFBQUE9PSIsInV1bGUiOiJ3K0NBSVFJQ0lGU21Gd1lXNCIsImdsIjoidXMiLCJobCI6ImVuIn0=,11 days ago,,2025-06-17 12:22:28.132072,Trader,Japan,Full-time,
"OTC Trader/OTCトレーダー, Tokyo",HashKey Group,Japan,LinkedIn,https://serpapi.com/searches/685141e20e285df84e987a7c/images/b905f83de6355e754d1bc80faac44f21440bf8823fcd34d821a761c4045e3ec1.gif,"['28 days ago', 'Full-time', 'No degree mentioned']","OTC Trader – Japan Office Onsite

We are looking for a trader to join our OTC team, with a responsibility of managing operation transactions and liquidity providers (LPs). The ideal candidate will have experience in financial trading (FX, securities, commodities, or crypto). This is a junior role that offers the opportunity to optimize capital efficiency and maximize profitability in a dynamic market environment.

Job Description

Responsible for managing and executing all financial and trading operations related to crypto asset OTC transactions.
• Manage and execute customer and LP transactions in crypto asset OTC (exchange) trading.
• Develop and manage LPs for crypto asset trading and generate cover trading quotes.
• Oversee fiat and crypto asset trading positions and settlements, ensuring daily transaction data accuracy.
• Improve capital efficiency, control trading costs and market risks, and maximize OTC trading profitability.

Required Qualifications
• Business-level proficiency in Japanese.
• Business-level proficiency in either English or Chinese.
• At least 1 year of trading experience in FX, securities, commodities, or crypto exchanges
• Holds data analysis skills.

Preferred Qualifications
• Basic coding skills.

当社のOTCチームでは、取引の運営および流動性提供者（LP）の管理を担当するトレーダーを募集しています。理想的な候補者は、金融取引（FX、証券、商品、または暗号資産）に関する経験をお持ちの方です。このポジションはジュニアレベルで、動的な市場環境において資本効率を最適化し、収益性を最大化する機会を提供します。

職務内容
• 暗号資産OTC取引に関連するすべての金融取引および運営業務を管理・実行
• 顧客およびLP（流動性提供者）との取引を管理・実行
• 暗号資産取引のLPを開発・管理し、カバートレーディングの見積もりを作成
• 法定通貨および暗号資産の取引ポジションと決済を監督し、日々の取引データの正確性を確保
• 資本効率を改善し、取引コストと市場リスクをコントロールし、OTC取引の収益性を最大化

必要な資格
• 日本語のビジネスレベルの能力
• 英語または中国語のビジネスレベルの能力
• FX、証券、商品、または暗号資産の取引における1年以上の経験
• データ分析スキル

歓迎する資格
• 基本的なコーディングスキル",eyJqb2JfdGl0bGUiOiJPVEMgVHJhZGVyL09UQ+ODiOODrOODvOODgOODvCwgVG9reW8iLCJjb21wYW55X25hbWUiOiJIYXNoS2V5IEdyb3VwIiwiYWRkcmVzc19jaXR5IjoiSmFwYW4iLCJodGlkb2NpZCI6Ilpjbi13U1BRdHNxcnNqbUpBQUFBQUE9PSIsInV1bGUiOiJ3K0NBSVFJQ0lGU21Gd1lXNCIsImdsIjoidXMiLCJobCI6ImVuIn0=,28 days ago,,2025-06-17 12:22:28.132072,Trader,Japan,Full-time,
Options Trader - Digital Assets Market Making (APAC Remote),Keyrock,Anywhere,LinkedIn,https://serpapi.com/searches/685141e20e285df84e987a7c/images/b905f83de6355e75ade28995a77f8bbc9cf9371cb1cc930dac1bcfa17413524a.gif,"['3 days ago', 'Work from home', 'Full-time']","About Keyrock

Since our beginnings in 2017, we've grown to be a leading change-maker in the digital asset space, renowned for our partnerships and innovation.

Today, we rock with over 180 team members around the world. Our diverse team hails from 42 nationalities, with backgrounds ranging from DeFi natives to PhDs. Predominantly remote, we have hubs in London, Brussels and Singapore, also soon to be Paris, and host regular online and offline hangouts to keep the crew tight.

We are trading on more than 80 exchanges, and working with a wide array of asset issuers. As a well-established market maker, our distinctive expertise led us to expand rapidly. Today, our services span market making, options trading, high-frequency trading, OTC, and DeFi trading desks.

But we’re more than a service provider. We’re an initiator. We're pioneers in adopting the Rust Development language for our algorithmic trading, and champions of its use in the industry. We support the growth of Web3 startups through our Accelerator Program. We upgrade ecosystems by injecting liquidity into promising DeFi, RWA, and NFT protocols. And we push the industry's progress with our research and governance initiatives.

At Keyrock, we're not just envisioning the future of digital assets. We're actively building it.

Job Description

We're looking for a skilled Trader to enhance and optimize our options trading systems. In this role, you'll play a key part in shaping the team's future direction, challenging existing processes, and driving innovation.

Key Responsibilities:
• Manage risk and oversee trading for the desk’s options books
• Analyze historical data to refine trading strategies and identify new opportunities
• Design, implement, and execute profitable positional option strategies
• Collaborate closely with developers and the commercial team to improve overall trading performance

This position offers the opportunity to make a meaningful impact by contributing to both strategic decisions and hands-on trading operations, and covers our APAC Trading hours.

Background And Experience

We’re looking for a highly skilled options trader with a strong track record in systematic or semi-systematic trading, ideally within a top market-making firm. The ideal candidate will bring a deep understanding of the options trading landscape, a responsible risk appetite, and driven to make continuous improvement.
• Proven experience in driving improvements in a trading environment, particularly in market-making or systematic strategies
• Strong grasp of options trading concepts, including market making, positional systematic trading, and derivative strategies
• At least four years of experience in the trading industry, ideally managing a profitable options book
• Hands-on experience in TradeFi, DeFi, and/or crypto trading is strongly preferred
• Understanding of crypto markets and their structure (a plus)
• Ability to research, design, and implement option trading models and strategies
• Proficiency in object-oriented programming languages, preferably Python, but also C#, C++, Java, or Rust
• Entrepreneurial mindset with a problem-solving approach, quick decision-making skills, and a willingness to experiment and learn
• Strong communication and collaboration skills, with the ability to work effectively with global teams from diverse backgrounds
• Open to innovative approaches and new methodologies in a fast-paced, team-driven environment
• Fluency in English

Our recruitment philosophy

We value self-awareness and powerful communication skills in our recruitment process. We seek fiercely passionate people who understand themselves and their career goals. We're after those with the right skills and a conscious choice to join our field. The perfect fit? A crypto enthusiast who’s driven, collaborative, acts with ownership and delivers solid, scalable outcomes.

Our offer
• A competitive salary package
• Autonomy in your time management thanks to flexible working hours and the opportunity to work remotely
• The freedom to create your own entrepreneurial experience by being part of a team of people in search of excellence

As an employer we are committed to building a positive and collaborative work environment. We welcome employees of all backgrounds, and hire, reward and promote entirely based on merit and performance.

Due to the nature of our business and external requirements, we perform background checks on all potential employees, passing which is a prerequisite to join Keyrock.

https://keyrock.com/careers/",eyJqb2JfdGl0bGUiOiJPcHRpb25zIFRyYWRlciAtIERpZ2l0YWwgQXNzZXRzIE1hcmtldCBNYWtpbmcgKEFQQUMgUmVtb3RlKSIsImNvbXBhbnlfbmFtZSI6IktleXJvY2siLCJhZGRyZXNzX2NpdHkiOiJKYXBhbiIsImh0aWRvY2lkIjoiXzczWHdEQ1BTWllacTlFQUFBQUFBQT09IiwidXVsZSI6IncrQ0FJUUlDSUZTbUZ3WVc0IiwiZ2wiOiJ1cyIsImhsIjoiZW4ifQ==,3 days ago,True,2025-06-17 12:22:28.132072,Trader,Japan,Full-time,
"Junior Trader Grains, Oilseeds and Feedstuff",ADM,Japan,LinkedIn,https://serpapi.com/searches/685141e20e285df84e987a7c/images/b905f83de6355e754313d55147f8e6cb15c41f380fa5e5bf71f187ec525f4184.gif,"['18 days ago', 'Full-time']","Job Description

The position is responsible to support Marketing/Trading (including purchase and sale) of Corn, Barley, wheat and oilseeds and feedstuff to the key players of the Japanese market. The incumbent will be part of a team with responsibility for maintaining close contact with customers in addition to analyze information and share it through the company’s relevant stakeholders. The position also communicates market information, opportunity and activity within the country.

Your Responsibilities
• Marketing/trading feed and food grain(corn/sorghum/wheat/barley), oilseeds(canola/soybeans/cotton), and feedstuff(soybean meal/DDGS/CGM) in both bulk and containers into Japanese market out of mainly US/Australia/Brazil/Argentina/Paraguay/Turkey/Ukraine
• Manage the relationship with each buyer of each product
• Manage the relationship with traders and execution team internally
• Daily contact with ADM traders and buyers and look for any potential demand
• Daily activities and cares of all bulk and containers execution between ADM offices and buyers including overseeing payment
• Analyse international grain/oilseed/feedstuff market on daily basis and talk to each buyer in order to exchange the market information
• Analyse local market and prepare for the local market information on daily basis and send to the traders
• Prepare for local data such as import statistics/oilseed crushing/feed production on monthly basis and send to economic research team in Singapore and Germany
• Prepare for and attend any internal and external meetings of the products you handle
• Prepare for weekly market wire and send to the traders internally

Your Profile
• Bachelor Degree with business/agricultural/economic/trading background preferred
• 1–3 years of experience in commodities, finance, or logistics preferred (new graduates with strong internship experience will also be considered).
• Excellent communication skills in English and Japanese (business proficiency required).
• Proficiency in Excel; experience with trading or risk management systems is a plus.
• Ability to thrive in a fast-paced, competitive environment.
• Analytical mindset with proficiency in market analysis and forecasting.
• A strong interest in global markets, agriculture, and international trade.

Your Future Perspective
• Challenging tasks, short decision-making processes and a high level of personal responsibility in a modern work environment with flexible work time models
• Room for innovative thinking and growth with the possibility to manage your own career path.
• A company culture which promotes continuous learning and diversity.
• Excellent career opportunities in a world leading nutrition company.
• An attractive remuneration including a variety of social benefits like subsidized health & fitness offers.

#IncludingYou

Diversity, equity, inclusion and belonging are cornerstones of ADM’s efforts to continue innovating, driving growth, and delivering outstanding performance. We are committed to attracting and retaining a diverse workforce and create welcoming, truly inclusive work environments — environments that enable every ADM colleague to feel comfortable on the job, make meaningful contributions to our success, and grow their career. We respect and value the unique backgrounds and experiences that each person can bring to ADM because we know that diversity of perspectives makes us better, together.

For more information regarding our efforts to advance Diversity, Equity, Inclusion & Belonging, please visit our website here: Diversity, Equity and Inclusion | ADM.

About ADM

At ADM, we unlock the power of nature to provide access to nutrition worldwide. With industry-advancing innovations, a complete portfolio of ingredients and solutions to meet any taste, and a commitment to sustainability, we give customers an edge in solving the nutritional challenges of today and tomorrow. We’re a global leader in human and animal nutrition and the world’s premier agricultural origination and processing company. Our breadth, depth, insights, facilities and logistical expertise give us unparalleled capabilities to meet needs for food, beverages, health and wellness, and more. From the seed of the idea to the outcome of the solution, we enrich the quality of life the world over. Learn more at www.adm.com.

Req/Job ID

98319BR

Ref ID",eyJqb2JfdGl0bGUiOiJKdW5pb3IgVHJhZGVyIEdyYWlucywgT2lsc2VlZHMgYW5kIEZlZWRzdHVmZiIsImNvbXBhbnlfbmFtZSI6IkFETSIsImFkZHJlc3NfY2l0eSI6IkphcGFuIiwiaHRpZG9jaWQiOiJKQTdXaEd3UTJ6bUNGSzE2QUFBQUFBPT0iLCJ1dWxlIjoidytDQUlRSUNJRlNtRndZVzQiLCJnbCI6InVzIiwiaGwiOiJlbiJ9,18 days ago,,2025-06-17 12:22:28.132072,Trader,Japan,Full-time,
"Global Banking & Markets, Volatility and Exotics Trader, Analyst, Tokyo",Goldman Sachs,Japan,LinkedIn,https://serpapi.com/searches/685141e20e285df84e987a7c/images/b905f83de6355e7515acbf6f328d56c544b91025afa878ddb23880efc5067c71.gif,"['12 days ago', 'Full-time']","Job Description

Global Banking & Markets

Our core value is building strong relationships with our institutional clients, which include corporations, financial service providers, and fund managers. We help them buy and sell financial products on exchanges around the world, raise funding, and manage risk. This is a dynamic, entrepreneurial team with a passion for the markets, with individuals who thrive in fast-paced, changing environments and are energized by a bustling trading floor.

APAC Volex Trading is responsible for market making in a wide range of interest rate option products, including swaptions and other exotic instruments. In addition to Asian G3 currencies (JPY, AUD, and NZD), the team also covers other major G10 currencies, including USD and EUR.

Our clients are primarily institutional investors, encompassing a diverse range of entities such as banks, securities firms, insurance companies, asset managers, hedge funds, and corporations.

Key Responsibilities
• Managing risks of existing portfolios
• Market making for new transactions
• Developing and marketing new products
• Improving various trading and pricing tools
• Coordinating with Strategists, Sales, Structuring, Federation, and other teams to refine strategies and drive business initiatives.

Required Qualifications
• Relevant Master's degree in a quantitative field with an excellent academic record
• Minimum 1 year experience in sell-side derivative trading
• Knowledge of risk management, trade execution, and derivative models
• Ability to thrive and perform in challenging, high-pressure environments
• Attention to detail
• Excellent communication skills and a demonstrated ability to perform highly in a team
• Strong problem-solving skills with a keen ability to think critically in evolving market conditions
• Strong technical/analytical/quantitative skills
• Solid work ethic and high level of motivation

Preferred Qualifications
• Proficiency in Japanese is a plus
• Prior experience on an interest rate options desk",eyJqb2JfdGl0bGUiOiJHbG9iYWwgQmFua2luZyBcdTAwMjYgTWFya2V0cywgVm9sYXRpbGl0eSBhbmQgRXhvdGljcyBUcmFkZXIsIEFuYWx5c3QsIFRva3lvIiwiY29tcGFueV9uYW1lIjoiR29sZG1hbiBTYWNocyIsImFkZHJlc3NfY2l0eSI6IkphcGFuIiwiaHRpZG9jaWQiOiJ5UndmQkNJemx6T0d0RENKQUFBQUFBPT0iLCJ1dWxlIjoidytDQUlRSUNJRlNtRndZVzQiLCJnbCI6InVzIiwiaGwiOiJlbiJ9,12 days ago,,2025-06-17 12:22:28.132072,Trader,Japan,Full-time,
