title,company_name,location,via,thumbnail,extensions,description,job_id,work_from_home,schedule_type,date_time,search_term,search_location,posted_at,salary
Quant Trader (Market Making),Hyphen Connect,Anywhere,Jobgether,https://serpapi.com/searches/6851550ab24c5d2433ef452f/images/a98b12b28c48dc8f02faa670b64283165406bbe5119022b5761872ec567d1c78.jpeg,"['Work from home', 'Full-time']","This a Full Remote job, the offer is available from: EMEA

Our client is a Crypto HF, aims to enhance their investment offerings to clients by expanding their Market Making desk. Currently, the team is seeking a Quant Trader who possesses expertise in developing and implementing liquidity-focused strategies, risk management, and dynamic optimization. You will collaborate closely with the technology team and have the responsibility of designing systems to support your work. As the business grows, there is a potential for significant ownership of the desk.

This opportunity is open to candidates worldwide with remote work options.

In This Role, Your Key Responsibilities Will Include:
‚Ä¢ Develop and execute market-making strategies across various crypto assets to provide liquidity and enhance market efficiency.
‚Ä¢ Continuously monitor and analyze market conditions, adjusting trading strategies to optimize profitability and minimize risks.
‚Ä¢ Utilize advanced quantitative models and algorithms to make informed trading decisions.
‚Ä¢ Collaborate closely with the technology team to develop and improve trading systems and tools.
‚Ä¢ Manage the trading book, ensuring accurate and timely execution of trades and proper risk management practices.
‚Ä¢ Implement and oversee risk control strategies to mitigate potential market and operational risks.
‚Ä¢ Provide real-time market insights and analysis to the investment management team.
‚Ä¢ Maintain compliance with industry regulations and internal policies, ensuring all trading activities are conducted ethically and legally.
‚Ä¢ Participate in the development of new trading strategies and contribute to the overall growth of the trading desk.

Key Requirements:
‚Ä¢ Bachelor‚Äôs or Master‚Äôs degree in Finance, Economics, Mathematics, or a related field from a renowned university.
‚Ä¢ Significant experience in a trading role within top name exchanges, trading firms, or hedge funds, with a focus on market making.
‚Ä¢ In-depth knowledge of cryptocurrency markets and blockchain technology.
‚Ä¢ Expertise in the development and execution of quantitative trading strategies.
‚Ä¢ Self-motivated and eager to be successful.
‚Ä¢ Experienced in using trading platforms and tools, with a deep understanding of market microstructure.
‚Ä¢ Strong background in risk management and compliance within financial services.
‚Ä¢ Ability to work under pressure in a fast-paced trading environment.

#LI-REMOTE

This offer from ""Hyphen Connect"" has been enriched by Jobgether.com and got a 77% flex score.",eyJqb2JfdGl0bGUiOiJRdWFudCBUcmFkZXIgKE1hcmtldCBNYWtpbmcpIiwiY29tcGFueV9uYW1lIjoiSHlwaGVuIENvbm5lY3QiLCJhZGRyZXNzX2NpdHkiOiJOaWdlcmlhIiwiaHRpZG9jaWQiOiJzWGFObXF3STRHSTVaR1lPQUFBQUFBPT0iLCJ1dWxlIjoidytDQUlRSUNJSFRtbG5aWEpwWVEiLCJnbCI6InVzIiwiaGwiOiJlbiJ9,True,Full-time,2025-06-17 13:44:11.982423,Quantitative Trader,Nigeria,,
Commodity Trader,HPA Corporate Resourcing,"Lagos, Nigeria",Career Page,,"['15 days ago', 'Full-time']","Our client is a leading firm dealing in the Oil and gas sector & Energy Commodity Trading. With a commitment to excellence and innovation, it strives to deliver high-quality products/services while fostering a positive work environment for its employees. In continuation of its expansion and growth, the company seeks a dynamic & experienced individual to drive the Commodity Trader desk.

Job Summary:

Our client seeks a highly driven and experienced Commodity Trader with a versatile background in the oil & gas trading ecosystem, covering refined petroleum products, crude oil, and gas. The ideal candidate will possess a substantial book of clients and trading relationships, along with the ability to leverage AI-powered trading tools and analytics. This trader must have a deep understanding of commodity markets, a proven ability to originate and close profitable deals, and an existing network of off-takers, suppliers, and financial institutions across West Africa and beyond. This role requires a blend of strategic thinking, market agility, operational know-how, and technological savvy to grow trading volumes and margins sustainably while utilizing cutting-edge AI solutions for competitive advantage.

Key Responsibilities:
‚Ä¢ Originate and execute profitable oil and gas trading deals across West Africa, including spot and term contracts.
‚Ä¢ Originate, negotiate, and execute trading contracts for crude oil, refined products (e.g., PMS, AGO, DPK, LPG), and/or natural gas.
‚Ä¢ Build and manage a strong portfolio of clients, suppliers, and partners across key markets in West Africa, Europe, and the Middle East.
‚Ä¢ Monitor global oil & gas markets, benchmark indices (e.g., Platts, Argus), and supply-demand dynamics to inform pricing and trading strategies.
‚Ä¢ Bring and actively maintain a substantial ""book"" of clients, including suppliers, off-takers, and financial institutions, demonstrating the ability to convert relationships into profitable trades
‚Ä¢ Utilize AI-powered market intelligence platforms to identify trading opportunities, price anomalies, and arbitrage possibilities before competitors
‚Ä¢ Develop and implement algorithmic trading strategies for specific market conditions when appropriate
‚Ä¢ Collaborate with data science teams to build predictive models for price movements, supply-demand dynamics, and geopolitical impacts
‚Ä¢ Leverage natural language processing tools to extract actionable insights from news, social media, and industry reports affecting commodity markets
‚Ä¢ Implement AI-based risk assessment tools to evaluate counterparty credit risk and transaction exposure
‚Ä¢ Utilize machine learning to optimize trade timing, volumes, and hedging strategies based on historical performance
‚Ä¢ Incorporate satellite imagery analysis and alternative data sources for real-time monitoring of supply movements and storage levels
‚Ä¢ Design and implement structured trade finance solutions supported by AI-based risk assessment tools
‚Ä¢ Apply advanced data visualization techniques to communicate complex market dynamics to stakeholders
‚Ä¢ Identify arbitrage and hedging opportunities to maximize trading margins and mitigate exposure.
‚Ä¢ Coordinate with internal operations, logistics, risk, and finance teams to ensure efficient deal execution.
‚Ä¢ Manage commercial risk, counterparty exposure, credit terms, and delivery schedules.
‚Ä¢ Maintain up-to-date records of contracts, lifting schedules, product specs, and compliance documentation.
‚Ä¢ Represent the company in high-level negotiations and industry events to expand the trading footprint.
‚Ä¢ Contribute to business development strategies by opening new markets or launching new products.

Key Requirements
‚Ä¢ Bachelor's degree in Economics, Finance, Business, Engineering, Data Science, or a related field. A master's degree or professional trading certification(s) is an added advantage
‚Ä¢ 7-12 years of experience in commodity trading with a focus on oil & gas markets
‚Ä¢ Demonstrable book of business with verifiable transaction history showing successful deal origination and execution
‚Ä¢ Experience in structured trade finance and the ability to bring financial partners to support complex transactions
‚Ä¢ Proven expertise in utilizing AI and data analytics tools for trading advantage (e.g., predictive analytics platforms, algorithmic trading systems)
‚Ä¢ Proficiency in Python, R, or similar languages used for quantitative trading analysis
‚Ä¢ Experience with machine learning applications in commodity price forecasting and risk management
‚Ä¢ Strong network of off-takers, suppliers, refineries, marketers, and financiers in Africa and globally, with proven ability to convert relationships into transactions
‚Ä¢ Demonstrated ability to integrate alternative data sources into trading decisions
‚Ä¢ Solid understanding of trade finance instruments, INCOTERMS, vessel chartering, and supply chain coordination
‚Ä¢ Experience in structuring complex S&P (Sale and Purchase) transactions in the oil and gas markets

Core Competencies
‚Ä¢ Trade Finance Structuring
‚Ä¢ AI-Powered Market Intelligence
‚Ä¢ Algorithmic Trading Strategy Development
‚Ä¢ Trade Finance Structuring with Technology Integration
‚Ä¢ Client Portfolio Management and Relationship Conversion
‚Ä¢ Alternative Data Utilization and Analysis
‚Ä¢ Machine Learning for Risk Assessment and Mitigation
‚Ä¢ Digital Contract Management and Documentation
‚Ä¢ Predictive Analytics for Market Movements
‚Ä¢ Blockchain Applications for Trading Transparency
‚Ä¢ Real-time Data Integration for Decision Making
‚Ä¢ Quantitative Trading Model Development
‚Ä¢ API Integration with Trading Platforms

Special Note on Client Book Requirement:

The successful candidate must demonstrate a proven history of bringing and maintaining a substantial book of business. This includes:
‚Ä¢ Verifiable transaction history showing successful deal origination and execution
‚Ä¢ Established relationships with key players in West and East African markets
‚Ä¢ Connection to financial institutions that can facilitate structured trade finance
‚Ä¢ Ability to immediately activate these relationships to generate revenue
‚Ä¢ Experience in leveraging these relationships specifically for S&P (Sale and Purchase) transactions in the oil and gas markets

The company will provide comprehensive support for these relationships through advanced trading infrastructure, robust operational backing, and innovative AI-powered tools to maximize the value of the trader's network.",eyJqb2JfdGl0bGUiOiJDb21tb2RpdHkgVHJhZGVyIiwiY29tcGFueV9uYW1lIjoiSFBBIENvcnBvcmF0ZSBSZXNvdXJjaW5nIiwiYWRkcmVzc19jaXR5IjoiTGFnb3MsIE5pZ2VyaWEiLCJodGlkb2NpZCI6IkF6WjJId1VpN25pZTB4VFNBQUFBQUE9PSIsInV1bGUiOiJ3K0NBSVFJQ0lIVG1sblpYSnBZUSIsImdsIjoidXMiLCJobCI6ImVuIn0=,,Full-time,2025-06-17 13:44:14.133078,Algorithmic Trader,Nigeria,15 days ago,
Quant Trader (Market Making),Hyphen Connect,Anywhere,Jobgether,https://serpapi.com/searches/6851550cf3a0a742b916caf0/images/742e68cee7bdabe84f86a971bee54c7bf7197706f3cb1e56d3c8fdd084030b02.jpeg,"['Work from home', 'Full-time']","This a Full Remote job, the offer is available from: EMEA

Our client is a Crypto HF, aims to enhance their investment offerings to clients by expanding their Market Making desk. Currently, the team is seeking a Quant Trader who possesses expertise in developing and implementing liquidity-focused strategies, risk management, and dynamic optimization. You will collaborate closely with the technology team and have the responsibility of designing systems to support your work. As the business grows, there is a potential for significant ownership of the desk.

This opportunity is open to candidates worldwide with remote work options.

In This Role, Your Key Responsibilities Will Include:
‚Ä¢ Develop and execute market-making strategies across various crypto assets to provide liquidity and enhance market efficiency.
‚Ä¢ Continuously monitor and analyze market conditions, adjusting trading strategies to optimize profitability and minimize risks.
‚Ä¢ Utilize advanced quantitative models and algorithms to make informed trading decisions.
‚Ä¢ Collaborate closely with the technology team to develop and improve trading systems and tools.
‚Ä¢ Manage the trading book, ensuring accurate and timely execution of trades and proper risk management practices.
‚Ä¢ Implement and oversee risk control strategies to mitigate potential market and operational risks.
‚Ä¢ Provide real-time market insights and analysis to the investment management team.
‚Ä¢ Maintain compliance with industry regulations and internal policies, ensuring all trading activities are conducted ethically and legally.
‚Ä¢ Participate in the development of new trading strategies and contribute to the overall growth of the trading desk.

Key Requirements:
‚Ä¢ Bachelor‚Äôs or Master‚Äôs degree in Finance, Economics, Mathematics, or a related field from a renowned university.
‚Ä¢ Significant experience in a trading role within top name exchanges, trading firms, or hedge funds, with a focus on market making.
‚Ä¢ In-depth knowledge of cryptocurrency markets and blockchain technology.
‚Ä¢ Expertise in the development and execution of quantitative trading strategies.
‚Ä¢ Self-motivated and eager to be successful.
‚Ä¢ Experienced in using trading platforms and tools, with a deep understanding of market microstructure.
‚Ä¢ Strong background in risk management and compliance within financial services.
‚Ä¢ Ability to work under pressure in a fast-paced trading environment.

#LI-REMOTE

This offer from ""Hyphen Connect"" has been enriched by Jobgether.com and got a 77% flex score.",eyJqb2JfdGl0bGUiOiJRdWFudCBUcmFkZXIgKE1hcmtldCBNYWtpbmcpIiwiY29tcGFueV9uYW1lIjoiSHlwaGVuIENvbm5lY3QiLCJhZGRyZXNzX2NpdHkiOiJOaWdlcmlhIiwiaHRpZG9jaWQiOiJzWGFObXF3STRHSTVaR1lPQUFBQUFBPT0iLCJ1dWxlIjoidytDQUlRSUNJSFRtbG5aWEpwWVEiLCJnbCI6InVzIiwiaGwiOiJlbiJ9,True,Full-time,2025-06-17 13:44:14.133078,Algorithmic Trader,Nigeria,,
Head of Engineering - Financial Services,Yassir,"Lagos, Nigeria",LinkedIn Nigeria,https://serpapi.com/searches/6851553d5b92f8e9b5997e7b/images/df41779d1b7b8972d5576fec6943dce3dc1142d6ea25f90de806bd5c747334b3.jpeg,['Full-time'],"Yassir is the leading super App in the Maghreb region set to changing the way daily services are provided. It currently operates in 45 cities across Algeria, Morocco and Tunisia with recent expansions into France, Canada and Sub-Saharan Africa. It is backed (:$200M in funding) by VCs from Silicon Valley, Europe and other parts of the world.

We offer on-demand services such as ride-hailing and last-mile delivery. Building on this infrastructure, we are now introducing financial services to help our users pay, save and borrow digitally.

Helping usher the continent into a digital economy era. We‚Äôre not just about serving people - we‚Äôre about creating a marketplace to bring people what they need while infusing social values.

Are you a visionary leader with a passion for cutting-edge technology? Do you thrive in dynamic environments where innovation drives success? If so, we have an exciting opportunity for you! At Yassir we are revolutionizing the tech industry with our groundbreaking super app. Our platform seamlessly integrates multiple services, providing users with unparalleled convenience and efficiency. As we continue to expand, we‚Äôre seeking a Head of Engineering to lead our talented team and drive our ambitious goals forward.

About Your Role As Head Of Engineering
‚Ä¢ Hire outstanding engineering talents and scale our tech team across Europe/Africa
‚Ä¢ Contribute to the company technical culture and be responsible for the success and personal growth of our engineers
‚Ä¢ Oversee mobile, front-end and back-end development teams and their projects. Ensure they can deliver their best work by spotting and alleviating blockers, setting IT processes, coaching teammates, and setting the bar for technical excellence
‚Ä¢ Review architecture of products and suggest improvements
‚Ä¢ Work with the product team to plan and oversee the execution of the product roadmap and contribute to designing strategies for future developments

About Your Experience
‚Ä¢ Work experience as a head of engineering, engineer director or in a similar senior-level position at an engineering department
‚Ä¢ Successful track record recruiting outstanding tech talents and managing multiple engineering teams
‚Ä¢ Extensive experience with cloud technologies, microservices architecture, continuous delivery, and modern human-computer interfaces
‚Ä¢ Hands-on experience in back-end and front-end development and in enterprise architecture
‚Ä¢ Good understanding of agile methodologies
‚Ä¢ Leadership abilities with a strategic mind
‚Ä¢ Excellent project management skills, ideally experience managing remote teams
‚Ä¢ Experience in a rapidly growing company in the mobility, on-demand or fintech space is a plus
‚Ä¢ BSc/MSc in Engineering, Computer Science or relevant field

Why you should join Yassir
‚Ä¢ üòé You will be part of one of the first Algerian startups to go through the Y Combinator program and one of the fastest-growing tech companies in North Africa. We are current in +40 cities (Algeria, Tunisia, Morocco, Senegal, France and Germany)
‚Ä¢ ü§ôüèΩHave a lasting impact on our company's culture
‚Ä¢ üöÄ Perfect timing with renowned investors to build something great
‚Ä¢ üìà Extremely steep learning curve with own responsibility and intensive guidance
‚Ä¢ üíØ Make a real impact on the world by helping us bring affordable financial and on-demand services to millions of Africans

At Yassir, we believe in the power of diversity and the importance of an inclusive culture. So, if you're ready to bring your unique perspective and experiences to the table, then we're excited to listen.

Don't just apply for a job, come and be a part of our journey. Let's create a better tomorrow together.

We look forward to receiving your application!

Best of luck,

Your Yassir TA Team",eyJqb2JfdGl0bGUiOiJIZWFkIG9mIEVuZ2luZWVyaW5nIC0gRmluYW5jaWFsIFNlcnZpY2VzIiwiY29tcGFueV9uYW1lIjoiWWFzc2lyIiwiYWRkcmVzc19jaXR5IjoiTGFnb3MsIE5pZ2VyaWEiLCJodGlkb2NpZCI6ImZfWjc0TV95bGlMSnNSZy1BQUFBQUE9PSIsInV1bGUiOiJ3K0NBSVFJQ0lIVG1sblpYSnBZUSIsImdsIjoidXMiLCJobCI6ImVuIn0=,,Full-time,2025-06-17 13:45:03.284984,Financial Engineer,Nigeria,,
Engineering Manager - Financial Services,Yassir,Anywhere,Built In San Francisco,https://serpapi.com/searches/6851553d5b92f8e9b5997e7b/images/df41779d1b7b8972d691d683ed500b859b0a60d09547c23f7afd084d5eaf266e.jpeg,"['14 days ago', 'Work from home', 'Full-time']","Yassir is the leading super App in the Maghreb region set to changing the way daily services are provided. It currently operates in 45 cities across Algeria, Morocco and Tunisia with recent expansions into France, Canada and Sub-Saharan Africa. It is backed (~$200M in funding) by VCs from Silicon Valley, Europe and other parts of the world.

We offer on-demand services such as ride-hailing and last-mile delivery. Building on this infrastructure, we are now introducing financial services to help our users pay, save and borrow digitally.

Helping usher the continent into a digital economy era. We‚Äôre not just about serving people - we‚Äôre about creating a marketplace to bring people what they need while infusing social values.

About the role

As part of our expansion effort, we are looking for an engineering manager to lead our team of financial services developers. You will lead a tech team supporting Yassir's product development and delivery. You will own and build large-scale systems and micro-services. Together with your team, you will design, develop, and deliver powerful applications in a highly dynamic environment. To be successful in this role, you should have outstanding technical skills and you are not afraid to be hands-on, you are confident in leading and serving tech teams, good at juggling multiple products, and thrive in high-growth environments.

About your responsibilities as Engineering Manager
‚Ä¢ Work with the product and design teams to understand end-user requirements, formulate use cases, and then translate that into pragmatic and effective technical solutions.
‚Ä¢ Contribute to hiring the engineering team for the product you are responsible for.
‚Ä¢ Work with the different stakeholders to establish a culture of technical excellence and be responsible for the success and personal growth of your team.
‚Ä¢ Oversee engineering teams and their projects. Ensure they can deliver their best work by spotting and alleviating blockers and coaching teammates.
‚Ä¢ Build robust and scalable software in Java.
‚Ä¢ Help improve existing code quality through introducing quality assurance and performing code reviews.
‚Ä¢ Participate in brainstorming sessions and contribute ideas to our technology, algorithms, and product.

About your experience
‚Ä¢ Previous experience with digital products or in a similar product role at a FinTech company, digital bank, or Payment provider
‚Ä¢ At least three years of work experience as an engineering manager or tech lead at an engineering department
‚Ä¢ Extensive experience with cloud technologies, microservices architecture, continuous delivery, and modern human-computer interfaces
‚Ä¢ Good understanding of agile methodologies
‚Ä¢ Excellent leadership and project management skills, ideally experience managing remote teams
‚Ä¢ Solid software design knowledge ‚Äì you should know how to create software that is extensible, reusable, and meets desired architectural objectives
‚Ä¢ Demonstrated ability to prioritize, self-start, contribute under pressure, and meet tight deadlines
‚Ä¢ Highly organized, creative and critical thinker
‚Ä¢ Comfortable working in an entrepreneurial environment
‚Ä¢ Experience working with core banking software is a plus
‚Ä¢ BSc/MSc in Engineering, Computer Science, or relevant field

At Yassir, we believe in the power of diversity and the importance of an inclusive culture. So, if you're ready to bring your unique perspective and experiences to the table, then we're excited to listen.

Don't just apply for a job, come and be a part of our journey. Let's create a better tomorrow together.

We look forward to receiving your application!

Best of luck,

Your Yassir TA Team",eyJqb2JfdGl0bGUiOiJFbmdpbmVlcmluZyBNYW5hZ2VyIC0gRmluYW5jaWFsIFNlcnZpY2VzIiwiY29tcGFueV9uYW1lIjoiWWFzc2lyIiwiaHRpZG9jaWQiOiJjOUQzbVd0VEw0VzFrVEU4QUFBQUFBPT0iLCJ1dWxlIjoidytDQUlRSUNJSFRtbG5aWEpwWVEiLCJnbCI6InVzIiwiaGwiOiJlbiJ9,True,Full-time,2025-06-17 13:45:03.284984,Financial Engineer,Nigeria,14 days ago,
Staff Android Engineer - Financial Services,Yassir,"Lagos, Nigeria (+12 others)",Lever,https://serpapi.com/searches/6851553d5b92f8e9b5997e7b/images/df41779d1b7b89720e8f79ecfade667c57f107e9b4116dc6d28587507b2074b4.png,['Contractor'],"Yassir is the leading super App in the Maghreb region set to changing the way daily services are provided. It currently operates in 45 cities across Algeria, Morocco and Tunisia with recent expansions into France, Canada and Sub-Saharan Africa. It is backed (~$200M in funding) by VCs from Silicon Valley, Europe and other parts of the world.

We offer on-demand services such as ride-hailing and last-mile delivery. Building on this infrastructure, we are now introducing financial services to help our users pay, save and borrow digitally.

Helping usher the continent into a digital economy era. We‚Äôre not just about serving people - we‚Äôre about creating a marketplace to bring people what they need while infusing social values.

About your role

As an Android Staff Engineer, you will drive the technical standards for the Android applications across our consumer domain, working with multiple squads inside the domain. You will lead Android engineers with tech roadmaps, architecture decisions, and feature development and release cycle. You will mentor junior developers. You will contribute to scaling up Android engineers in multiple squads and bringing great talents on board by conducting technical interviews.

Responsibilities
‚Ä¢ Design, build and maintain features for the domain applications
‚Ä¢ Provide technical leadership and manage dependencies
‚Ä¢ Conduct design and code reviews
‚Ä¢ Help the domain team members with technical blockers supporting them and helping them grow
‚Ä¢ Continuously discover, evaluate, and implement new technologies to maximize efficiency
‚Ä¢ Participate in architecture and design discussions
‚Ä¢ Participate strongly in building the technical roadmap
‚Ä¢ Conduct technical interviews
‚Ä¢ Help Improving engineering standards, tooling, and processes

Requirements
‚Ä¢ BSc/MSc in Engineering, Computer Science or relevant field
‚Ä¢ At least 8 years of Android mobile engineering experience. 3 years of which with Kotlin
‚Ä¢ Excellent communication skills
‚Ä¢ Enjoy solving problems and helping others meet their goals
‚Ä¢ Solid understanding of the full mobile development lifecycle
‚Ä¢ Substantial experience with Git in a team environment
‚Ä¢ Hands-on experience with mobile DevOps CI/CD tools
‚Ä¢ Experience working with different architectures
‚Ä¢ Experience writing testable code and unit tests
‚Ä¢ Have published many Android applications to the Store
‚Ä¢ Experience in a fast-growing startup in a the on-demand services space is a plus

At Yassir, we believe in the power of diversity and the importance of an inclusive culture. So, if you're ready to bring your unique perspective and experiences to the table, then we're excited to listen.

Don't just apply for a job, come and be a part of our journey. Let's create a better tomorrow together.

We look forward to receiving your application!

Best of luck,

Your Yassir TA Team",eyJqb2JfdGl0bGUiOiJTdGFmZiBBbmRyb2lkIEVuZ2luZWVyIC0gRmluYW5jaWFsIFNlcnZpY2VzIiwiY29tcGFueV9uYW1lIjoiWWFzc2lyIiwiYWRkcmVzc19jaXR5IjoiTGFnb3MsIE5pZ2VyaWEiLCJodGlkb2NpZCI6IktDU2UwN3liTFpNRjEyNDdBQUFBQUE9PSIsInV1bGUiOiJ3K0NBSVFJQ0lIVG1sblpYSnBZUSIsImdsIjoidXMiLCJobCI6ImVuIn0=,,Contractor,2025-06-17 13:45:03.284984,Financial Engineer,Nigeria,,
Senior Data Engineer at Flex Finance,FLEX & FINANCE,"Lagos, Nigeria",LinkedIn Nigeria,,"['27 days ago', 'Full-time']","Never Miss a Job Update Again.

We have started building our professional LinkedIn page.
‚Ä¢ Company:
‚Ä¢ Location: Nigeria
‚Ä¢ State:
‚Ä¢ Job type: Full-Time
‚Ä¢ Job category:

Flex Finance is Africa‚Äôs leading Spend management and requisition platform that helps finance teams and business owners manage all company spending in one place. We combined robust payment infrastructure with spend management architecture and data-rich expense reports to revolutionize how African businesses track spending.

We Are Recruiting To Fill The Position Below

Job Title: Senior Data Engineer

Location: Lagos

Job type: Full-time

Job Summary
‚Ä¢ We are seeking a highly skilled Senior Data Engineer to join our engineering team and lead our data infrastructure‚Äôs design, development, and maintenance.
‚Ä¢ You will be pivotal in building pipelines that power real-time financial analytics, risk management, and AI-driven decision-making across our product suite.

Key Responsibilities
‚Ä¢ Architect, build, and maintain scalable data pipelines and ETL processes from multiple data sources (transaction data, third-party APIs, internal services).
‚Ä¢ Optimize and manage our data lake and warehouse (AWS, Redshift, or similar) to support analytics and product features.
‚Ä¢ Partner with product, engineering, and finance teams to define data requirements and deliver accessible, clean, and reliable datasets.
‚Ä¢ Implement best practices for data governance, security, compliance (especially PCI DSS), and access control.
‚Ä¢ Monitor, debug, and improve the performance of our data infrastructure and tooling.
‚Ä¢ Mentor junior data engineers and contribute to technical design reviews.
‚Ä¢ Work closely with our AI/ML team to support experimentation, model training, and production inference with high-quality datasets.

Requirements
‚Ä¢ Bachelor‚Äôs or Master‚Äôs Degree in Computer Science, Data Engineering, or related field.
‚Ä¢ 5+ years of experience in data engineering or backend engineering roles.
‚Ä¢ Deep proficiency in Python, SQL, and distributed data processing (e.g., Apache Spark, Airflow).
‚Ä¢ Hands-on experience with cloud data architecture (preferably AWS ‚Äì Lambda, S3, Redshift, DynamoDB).
‚Ä¢ Experience building real-time and batch data pipelines.
‚Ä¢ Solid understanding of database systems (SQL and NoSQL), performance tuning, and data modeling.
‚Ä¢ Experience working with financial or transactional data is a plus.
‚Ä¢ Familiarity with compliance and regulatory requirements for data handling in fintech is a strong advantage.

Nice To Have
‚Ä¢ Experience with GraphQL or REST API data integrations.
‚Ä¢ Exposure to business intelligence tools like Metabase, Looker, or Power BI.
‚Ä¢ Familiarity with AI/ML pipelines or experimentation frameworks.
‚Ä¢ Previous experience in a fast-paced startup or fintech environment.

Benefits
‚Ä¢ Competitive salary and performance bonuses
‚Ä¢ Equity options
‚Ä¢ Flexible remote-first work environment
‚Ä¢ The chance to shape the future of financial infrastructure in Africa
‚Ä¢ A high-performance culture with a supportive team.

Application Closing Date

Not Specified.

Don't Keep! Kindly Share:
‚Ä¢ *
‚Ä¢",eyJqb2JfdGl0bGUiOiJTZW5pb3IgRGF0YSBFbmdpbmVlciBhdCBGbGV4IEZpbmFuY2UiLCJjb21wYW55X25hbWUiOiJGTEVYIFx1MDAyNiBGSU5BTkNFIiwiYWRkcmVzc19jaXR5IjoiTGFnb3MsIE5pZ2VyaWEiLCJodGlkb2NpZCI6ImJaUGZXMXBISUFnaE5nOXhBQUFBQUE9PSIsInV1bGUiOiJ3K0NBSVFJQ0lIVG1sblpYSnBZUSIsImdsIjoidXMiLCJobCI6ImVuIn0=,,Full-time,2025-06-17 13:45:03.284984,Financial Engineer,Nigeria,27 days ago,
"Mid-Level Clojure / ClojureScript Engineer (Remote, 45k-55k EUR)",Lifecheq,Anywhere,Himalayas.app,https://serpapi.com/searches/6851553d5b92f8e9b5997e7b/images/df41779d1b7b89723483c7d2f8a566051ec441bfc2d15c9a778590faf3734051.jpeg,"['‚Ç¨45K‚Äì‚Ç¨55K a year', 'Work from home', 'Contractor', 'No degree mentioned']","What are we all about?

LifeCheq is a personal finance fintech business operating across South Africa. Our unique approach to financial advice and our market-leading advice platform has redefined the category. Our technology touches consumers, financial advisers and large enterprise institutions.

Clojure is core to our technology, and its philosophy is foundational to how we designed our systems. We rely on easy to read and immutable data structures, pure functions, and create complexity through composition of simple grokkable pieces. We primarily use Clojure for our backends, with a mixture of ClojureScript and TypeScript for our frontends. Key technologies include event sourcing, Lacinia (GraphQL), re-frame and sci.

Our business is funded by reputable institutional investors including Naspers, Futuregrowth and African Rainbow Capital, that believe in our mission: to help people make better financial decisions about their lives.
How you‚Äôll grow in this role
‚Ä¢ You will work in a cross functional squad, along with non-Clojure engineers, financial experts, designers and product people. Each squad with a clear focus on a set of customer related goals and outcomes, and autonomy in how to best realise that. With great autonomy comes great responsibility.
‚Ä¢ Personal financial advice is one of the toughest business domains to crack: it will flex your design and coding skills, it will challenge how you test, integrate and deploy.
‚Ä¢ As we continue growing, contribute to how we architect, deploy and monitor our systems.
‚Ä¢ Learn with our 13 people strong Clojure team, that has an average of 14 years of experience;
‚Ä¢ We‚Äôre scaling our operations significantly: grow with the company, and choose your technical or management path.

What skills you‚Äôll bring
‚Ä¢ Minimum 3 years of professional software development experience, fluency in core Clojure/ClojureScript;
‚Ä¢ Flexibility across frontend/backend is a big plus, but specialisation in either is also welcome;
‚Ä¢ Energy, joy, curiosity.
‚Ä¢ This is a full-time, remote position. We need you to be fluent in English, and be able to work core hours for a UTC+2 time zone.",eyJqb2JfdGl0bGUiOiJNaWQtTGV2ZWwgQ2xvanVyZSAvIENsb2p1cmVTY3JpcHQgRW5naW5lZXIgKFJlbW90ZSwgNDVrLTU1ayBFVVIpIiwiY29tcGFueV9uYW1lIjoiTGlmZWNoZXEiLCJhZGRyZXNzX2NpdHkiOiJOaWdlcmlhIiwiaHRpZG9jaWQiOiJTRmhrUTBVazRWNW5UbXp4QUFBQUFBPT0iLCJ1dWxlIjoidytDQUlRSUNJSFRtbG5aWEpwWVEiLCJnbCI6InVzIiwiaGwiOiJlbiJ9,True,Contractor,2025-06-17 13:45:03.284984,Financial Engineer,Nigeria,,‚Ç¨45K‚Äì‚Ç¨55K a year
Fixed Income Trader,MeritAfrika Ltd,Nigeria,Glassdoor,,"['14 days ago', 'Full-time']","About MeritAfrika
MeritAfrika Ltd is a Nigerian investment management firm specializing in fixed income securities, with a particular focus on emerging markets such as Sub-Saharan Africa and Nigeria. MeritAfrika values the quality of its people and is committed to recruiting the best talent while providing a supportive environment for professional development. We are looking for a driven and commercially minded Sales Trader to join our team.

Key Responsibilities
‚Ä¢ Identify, develop, and maintain strong relationships with institutional and corporate clients
‚Ä¢ Trading of Eurobonds across Sub Saharan Africa.
‚Ä¢ Monitor market trends and provide timely insights and trade ideas to clients
‚Ä¢ Collaborate with internal teams to enhance trading strategies and client offerings
‚Ä¢ Ensure compliance with regulatory requirements and internal controls
‚Ä¢ Actively contribute to the growth and performance of the sales trading desk

What We‚Äôre Looking For

¬∑ Bachelor's degree in Finance or related field
‚Ä¢ 3+ years of experience in a sales trading, brokerage, or client-facing financial markets role
‚Ä¢ Proven ability to build and manage client relationships
‚Ä¢ Strong analytical, communication, and negotiation skills
‚Ä¢ SEC Sponsored Individual (preferably)
‚Ä¢ Relevant professional qualifications (e.g., ACS, CFA, ACI) are a plus

Benefits:
‚Ä¢ Competitive and negotiable salary
‚Ä¢ Pension plan
‚Ä¢ Medical insurance coverage

Job Type: Full-time

Pay: ‚Ç¶1,000,000.00 - ‚Ç¶1,500,000.00 per month",eyJqb2JfdGl0bGUiOiJGaXhlZCBJbmNvbWUgVHJhZGVyIiwiY29tcGFueV9uYW1lIjoiTWVyaXRBZnJpa2EgTHRkIiwiYWRkcmVzc19jaXR5IjoiTmlnZXJpYSIsImh0aWRvY2lkIjoiU2Excm5sb2VVbHZ5U1hHeEFBQUFBQT09IiwidXVsZSI6IncrQ0FJUUlDSUhUbWxuWlhKcFlRIiwiZ2wiOiJ1cyIsImhsIjoiZW4ifQ==,,Full-time,2025-06-17 13:45:15.676060,Trader,Nigeria,14 days ago,
Financial Market Trader,Merjoh Ltd,Nigeria,Indeed,,['Full-time'],"2 months ago

Financial Market Trader

Merjoh Ltd

Accounting, Auditing & Finance

Remote (Work From Home) Full Time

Banking, Finance & Insurance NGN 75,000 - 150,000 Plus Commission

Easy Apply

Job Summary

We are seeking a motivated Entry Level Forex Trader to join our dynamic team. You must have a keen interest in the financial markets and a passion for currency or crypto trading. As a financial markets trader, you will already possess a winning edge but are open to extra guidance and mentorship in refining your trading skills and strategies.
‚Ä¢ Minimum Qualification : High School (S.S.C.E)
‚Ä¢ Experience Level : Entry level
‚Ä¢ Experience Length : 2 years

Job Description/Requirements

Responsibilities:
‚Ä¢ Monitor and analyze Forex markets to make informed trading decisions.
‚Ä¢ Execute trades based on defined strategies and risk management techniques.
‚Ä¢ Maintain up-to-date knowledge of market conditions and economic events that can affect currency prices.
‚Ä¢ Collaborate with senior traders and participate in strategy sessions to improve trading performance.
‚Ä¢ Keep accurate records of trades and provide reports on trading activity and results.Adhere to all our trading compliance regulations and guidelines.

Requirements:
‚Ä¢ Bachelor‚Äôs degree in Finance, Economics, or Mathematics is a benefit but not mandatory
‚Ä¢ Strong analytical skills and attention to detail.
‚Ä¢ Proficiency in trading platforms and computers.Experience in financial markets is required.

What We Offer:
‚Ä¢ 10k trading account
‚Ä¢ Scaling profit share
‚Ä¢ On-the-job training and mentorship.
‚Ä¢ Remote work with flexible hours.
‚Ä¢ Competitive bonuses.
‚Ä¢ Opportunities for advancement.",eyJqb2JfdGl0bGUiOiJGaW5hbmNpYWwgTWFya2V0IFRyYWRlciIsImNvbXBhbnlfbmFtZSI6Ik1lcmpvaCBMdGQiLCJhZGRyZXNzX2NpdHkiOiJOaWdlcmlhIiwiaHRpZG9jaWQiOiJ4THltTnlGRjNuVHpYMUJjQUFBQUFBPT0iLCJ1dWxlIjoidytDQUlRSUNJSFRtbG5aWEpwWVEiLCJnbCI6InVzIiwiaGwiOiJlbiJ9,,Full-time,2025-06-17 13:45:15.676060,Trader,Nigeria,,
Liquidity Partners Manager & Trader,Moniepoint Group,Anywhere,Jobgether,https://serpapi.com/searches/6851554a19c5f6667c8e1079/images/171b9869ef52b7a31499c5cd8e29083b2e621a82724c0bb3472b5339a7151210.jpeg,"['Work from home', 'Full-time', 'No degree mentioned']","This a Full Remote job, the offer is available from: Nigeria

Who we are

Moniepoint is Africa's all-in-one financial ecosystem, empowering businesses and their customers with seamless payment, banking, credit, and management tools. In 2023, we processed $182 billion and are Nigeria‚Äôs largest merchant acquirer.

About the Role

Location : Nigeria

At Moniepoint, we are building a robust financial ecosystem that empowers businesses across Africa. As part of our mission, we are expanding our FX and remittance capabilities, and we are looking for a dynamic professional to lead our liquidity provider sourcing efforts.

In this role, you will drive business development by identifying and securing strategic partnerships with liquidity providers in Nigeria and other African markets. You will play a key role in optimizing our FX trading operations by analyzing market trends, managing risk, and ensuring efficient capital deployment. Collaborating closely with Finance, Product, Analytics, Data Science, and Risk & Controls teams, you will shape our FX strategy and enhance profitability.

This is a high-impact role for someone with deep experience in the FX market, strong relationships within the liquidity provider space, and a keen ability to navigate the complexities of treasury trading in the fintech remittance sector. If you thrive in a fast-paced environment and have a passion for driving financial innovation, we‚Äôd love to hear from you.

Curious about what makes Moniepoint an incredible place to work? Check out posts on how we cultivate a culture of innovation, teamwork, and growth.

What you will get to do
‚Ä¢ Lead business development for sourcing liquidity providers in Nigeria and other African countries.
‚Ä¢ Discover and suggest daily bid ask rates for us to offer remittance solutions from the UK to Africa (predominantly Nigeria).
‚Ä¢ Have existing relationships with corporates in Africa to settle our FX position . experience - Treasury trading in IMTO
‚Ä¢ Identify high-impact opportunities in FX P&L, trading costs, risk reduction, product/regional growth, and sustainable interest income.
‚Ä¢ Work as part of a cross-functional team reporting to Finance while collaborating closely with Product, Analytics, Data Science, and Risk & Controls.
‚Ä¢ Identify key problems and opportunities in Treasury Markets in Nigeria by negotiating strategic partnerships with liquidity providers (corporate, institutional, or alternative partners) to optimize our pricing engine and increase FX profitability.
‚Ä¢ Address these challenges through networking with an existing network of liquidity providers in Nigeria, leveraging technology, analytics, controls, and operations for our FX and Asset Management activities.
‚Ä¢ Report directly to the Remittance and FX Product CFO.

To succeed in this role, we think you should have:
‚Ä¢ 5 to 15 years of experience in a similar liquidity providers (LPs) management and sourcing role for a FinTech remittance business function is a must.
‚Ä¢ Strong understanding of the FX market with hands-on experience in trading environments and risk management, either directly in trading roles or in roles closely supporting trading activities with a minimum of 5 years coming from a FinTech company in Nigeria. I.e. IMTO licensed entity.
‚Ä¢ Familiarity with FX trading, contract negotiations, market risk metrics, and controls.
‚Ä¢ Experience with cash management products such as money market funds, bonds, and related systems is highly desirable to optimize FX trading capabilities and develop tailored liquidity provider sourcing strategies.
‚Ä¢ Nice to have: knowledge of FX Spot, FX Outrights, and FX Swaps, including end-to-end execution and booking in trading and finance systems.
‚Ä¢ Experience with other financial instruments is a plus but not required.
‚Ä¢ Strong data handling skills: proven track record of defining and driving KPIs, with advanced Excel proficiency.
‚Ä¢ Demonstrated ability to build pipelines of liquidity partners, develop roadmaps, and guide teams from uncertainty to clarity, leading to the achievement of company objectives.
‚Ä¢ Self-motivated and capable of working independently.
‚Ä¢ Strong analytical mindset with the ability to clearly frame problems, articulate hypotheses and solutions, and measure outcomes using appropriate tools.
‚Ä¢ Excellent communication skills, with the ability to convey technical or numerical concepts to a broad audience.

What we can offer you
‚Ä¢ Culture - We put our people first and prioritize the well-being of every team member. We‚Äôve built a company where all opinions carry weight and where all voices are heard. We value and respect each other and always look out for one another. Above all, we are human.
‚Ä¢ Learning - We have a learning and development-focused environment with an emphasis on knowledge sharing, training, and regular internal technical talks.
‚Ä¢ Compensation - You‚Äôll receive an attractive salary, pension, health insurance, annual bonus, plus other benefits.

What to expect in the hiring process
‚Ä¢ A preliminary phone call with the recruiter
‚Ä¢ A functional interview with the CFO
‚Ä¢ An executive interview with the VP, Treasury

Moniepoint is an equal opportunity employer. We celebrate diversity and are committed to creating an inclusive environment for all employees and candidates.

This offer from ""Moniepoint Group"" has been enriched by Jobgether.com and got a 73% flex score.",eyJqb2JfdGl0bGUiOiJMaXF1aWRpdHkgUGFydG5lcnMgTWFuYWdlciBcdTAwMjYgVHJhZGVyIiwiY29tcGFueV9uYW1lIjoiTW9uaWVwb2ludCBHcm91cCIsImFkZHJlc3NfY2l0eSI6Ik5pZ2VyaWEiLCJodGlkb2NpZCI6IldTanYydmtvbGVFRjBmcWpBQUFBQUE9PSIsInV1bGUiOiJ3K0NBSVFJQ0lIVG1sblpYSnBZUSIsImdsIjoidXMiLCJobCI6ImVuIn0=,True,Full-time,2025-06-17 13:45:15.676060,Trader,Nigeria,,
Junior Trader/Analyst at Cobblestone Energy (Graduates),Cobblestone Energy,"Abuja, Nigeria",JobNetworkNigeria,,"['Full-time', 'No degree mentioned']","Energy in one form or another is fundamental to almost all of the world‚Äôs economic activities. By understanding the demand, supply, and logistics of these commodities, we can better understand the world. We specialise in the proprietary trading of the short-term wholesale electricity markets across Europe. We make use of advanced data analytics and extensive research to drive profitable decision making, trading enough electricity every day to power a small country. Technology and risk management form the backbone of our business

Commercial Development Programme
‚Ä¢ The Cobblestone Commercial Development Programme is your passport to an exciting and challenging career in the world‚Äôs commodities markets. It is a 12-month programme designed to give you exposure across trading and analytics to help you develop the tools you need to be a highly effective team member. We are searching for exceptional graduates who thrive on intellectual challenges and can provide creative solutions to complex problems. This is a role for highly analytical and sharp individuals with strong numerical ability. One must be able to learn and think quickly. Opportunity is unlimited for exceptional talent.
‚Ä¢ We are offering graduate vacancies in our Dubai office starting throughout 2020.

Tasks / Responsibilities
‚Ä¢ Support the commercial decisions of the traders through the provision of timely analysis and market monitoring.
‚Ä¢ Perform research into various aspects of the European Energy markets
‚Ä¢ Analyse business requirements (tools and systems) and provide ideas to solutions that add value to the bottom line.

What we look for

(Are you bright, highly motivated and commercial-minded with a growth mindset?)
‚Ä¢ Very strong numerical, logical reasoning and analytical skills.
‚Ä¢ A in A level Mathematics. Must have studied Mathematics at A level. *
‚Ä¢ Strong commercial acumen
‚Ä¢ Resilience and a determination to succeed
‚Ä¢ Independent thinkers with a growth mindset
‚Ä¢ Programming (e.g. Python, Java, C++) skills are desirable but not mandatory.
‚Ä¢ Must be self-motivated and able to learn quickly.

Starting Remuneration of 30,000 USD per annum, 0% Tax environment.

Fast progression for strong performers.

Tagged as: Graduate",eyJqb2JfdGl0bGUiOiJKdW5pb3IgVHJhZGVyL0FuYWx5c3QgYXQgQ29iYmxlc3RvbmUgRW5lcmd5IChHcmFkdWF0ZXMpIiwiY29tcGFueV9uYW1lIjoiQ29iYmxlc3RvbmUgRW5lcmd5IiwiYWRkcmVzc19jaXR5IjoiQWJ1amEsIE5pZ2VyaWEiLCJodGlkb2NpZCI6ImNhbnBoeU5OWjM0WVh1VXRBQUFBQUE9PSIsInV1bGUiOiJ3K0NBSVFJQ0lIVG1sblpYSnBZUSIsImdsIjoidXMiLCJobCI6ImVuIn0=,,Full-time,2025-06-17 13:45:15.676060,Trader,Nigeria,,
FX Trader Associate,FairMoney,Anywhere,Jooble,https://serpapi.com/searches/6851554a19c5f6667c8e1079/images/171b9869ef52b7a352fb48dee7e29e9283154c0238448e4e065a2c3e7fff4587.png,"['Work from home', 'Full-time', 'No degree mentioned']","FairMoney is a pioneering mobile banking institution specializing in extending credit to emerging markets. Established in 2017, the company currently operates primarily within Nigeria, and it has secured nearly ‚Ç¨50 million in funding from renowned global investors, including Tiger Global, DST, and Flourish Ventures.

To gain deeper insights into FairMoney's pivotal role in reshaping Africa's financial landscape, we invite you to watch this informative video.

About the role:

As an FX Trade Associate at Fairmoney, you will be responsible for managing FX margins and rates for our B2B Cross-Border Payments trades. This role involves overseeing positive positions and maximizing trade margins, contributing to the overall profitability of the business. The ideal candidate will have a strong understanding of Fintechs, treasury management, FX rates, and currency risk management tools, alongside a proven ability to handle large block trades and collaborate effectively with internal and external stakeholders.
Requirements
‚Ä¢ Experience: Previous experience in FX trading, treasury management, or working with Fintechs is preferred.
‚Ä¢ Technical Skills: Strong understanding of FX rates, currency risk management tools, and foreign exchange market dynamics.
‚Ä¢ Knowledge: Familiarity with deliverable FX market regulations and compliance requirements (preferred), as well as knowledge of trading platforms.
‚Ä¢ Analytical Skills: Strong ability to analyze and report market data to inform business decisions and optimize trading strategies.
‚Ä¢ Collaboration: Proven experience working closely with internal teams (Sales, Treasury) and external clients to ensure accurate trade capture and risk management.
‚Ä¢ Attention to Detail: Excellent attention to detail with a focus on accuracy in trade execution, booking, and reconciliation.
‚Ä¢ Strong Communicator: Ability to communicate effectively with both internal stakeholders and clients, ensuring clear and timely information flow.
‚Ä¢ Problem-Solver: Strong problem-solving skills, with the ability to resolve discrepancies and trade issues quickly and effectively.
‚Ä¢ Results-Driven: A focus on achieving high trade margins, revenue growth, and operational efficiency, contributing to the overall profitability of the business.
‚Ä¢ Adaptable: Ability to work in a fast-paced environment with evolving business needs, market conditions, and regulations.

Key Responsibilities:
‚Ä¢ Execute and Match Trades:
‚Ä¢ Handle large block trades within the market, ensuring efficient execution and matching with clients‚Äô needs.
‚Ä¢ Develop and Contribute to OTC Sales Strategies:
‚Ä¢ Play an active role in developing OTC sales strategies, guiding and driving the team on the best approach to implementing these strategies.
‚Ä¢ Regulatory Knowledge and Compliance:
‚Ä¢ Bring familiarity with deliverable FX market regulations and compliance requirements (preferred), ensuring all activities are in line with regulatory standards.
‚Ä¢ Foreign Exchange Market Expertise:
‚Ä¢ Demonstrate a strong understanding of foreign exchange markets and trading platforms (preferred), applying this knowledge to optimise trade execution.
‚Ä¢ Market and Pricing Information:
‚Ä¢ Provide internal stakeholders with daily market updates, pricing information, and forecasts to support decision-making and trading activities.
‚Ä¢ Collaborate with Sales Teams and Clients:
‚Ä¢ Work closely with Sales teams, clients, and other internal stakeholders to ensure accurate trade capture, manage risk, and provide excellent client servicing.
‚Ä¢ Booking and Managing Trades:
‚Ä¢ Accurately book trades and ensure positions are correctly reflected, ensuring minimal discrepancies in all trade processes.
‚Ä¢ Discrepancy Resolution:
‚Ä¢ Address any discrepancies related to trade bookings in a timely and effective manner, working in collaboration with the sales team and clients.
‚Ä¢ Reconcile Trades:
‚Ä¢ Reconcile the present value of trades daily with the sales team, ensuring accurate accounting for all outstanding and unprocessed trades.
‚Ä¢ Compliance and Control Processes:
‚Ä¢ Ensure compliance with trade booking, verification, and reconciliation controls, while enhancing processes for better accuracy and efficiency.
‚Ä¢ Drive Scalable Growth:
‚Ä¢ Focus on generating scalable, repeatable, and predictable trade volume, net revenue, and gross profit to support the company's growth goals.
‚Ä¢ Reporting and Data Analysis:
‚Ä¢ Analyze and present market and trade data to key internal stakeholders, informing impactful business decisions and helping adapt strategies to drive profitable growth in the region.

Benefits
‚Ä¢ Competitive salary
‚Ä¢ Remote work
‚Ä¢ Training & Development
‚Ä¢ Paid Time Off

Recruitment Process:
‚Ä¢ A screening call with a member of the recruitment team for 30 minutes.
‚Ä¢ Technical interview with the hiring manager for 30 to 60 minutes.",eyJqb2JfdGl0bGUiOiJGWCBUcmFkZXIgQXNzb2NpYXRlIiwiY29tcGFueV9uYW1lIjoiRmFpck1vbmV5IiwiYWRkcmVzc19jaXR5IjoiTmlnZXJpYSIsImh0aWRvY2lkIjoicHhDMlRnLWRRcmVrcTBmeEFBQUFBQT09IiwidXVsZSI6IncrQ0FJUUlDSUhUbWxuWlhKcFlRIiwiZ2wiOiJ1cyIsImhsIjoiZW4ifQ==,True,Full-time,2025-06-17 13:45:15.676060,Trader,Nigeria,,
Sales Representative at EXCO Trader,EXCO Trader,"Abuja, Nigeria",JobNetworkNigeria,,['Full-time'],"EXCO Trader is a financial and brokage firm that manages investment, brokers and stocks for individuals and corporate organization.

Job Position: Sales Representative

Job Location: Abuja

Job Description
‚Ä¢ Telesales, marketing.
‚Ä¢ Customer service.
‚Ä¢ Increase company sales.
‚Ä¢ Engaging clients and customers.
‚Ä¢ Closing deals.

Job Requirements
‚Ä¢ Candidates should possess Bachelor‚Äôs Degree / HND qualification.
‚Ä¢ 1 ‚Äì 2 years work experience.

Salary

N100,000 ‚Äì N150,000 monthly

Application Deadline

30th September, 2022.

How to Apply

Interested and qualified candidates should send their CV to: blessing.wilson@excotrader.com using the Job Title as the subject of the mail.

Tagged as: Sales",eyJqb2JfdGl0bGUiOiJTYWxlcyBSZXByZXNlbnRhdGl2ZSBhdCBFWENPIFRyYWRlciIsImNvbXBhbnlfbmFtZSI6IkVYQ08gVHJhZGVyIiwiYWRkcmVzc19jaXR5IjoiQWJ1amEsIE5pZ2VyaWEiLCJodGlkb2NpZCI6Ik0yWFM0VEYzbmVPRkFFZC1BQUFBQUE9PSIsInV1bGUiOiJ3K0NBSVFJQ0lIVG1sblpYSnBZUSIsImdsIjoidXMiLCJobCI6ImVuIn0=,,Full-time,2025-06-17 13:45:15.676060,Trader,Nigeria,,
Junior Trader/Analyst at Cobblestone Energy (Graduates),Cobblestone Energy,"Abuja, Nigeria",JobNetworkNigeria,,"['Full-time', 'No degree mentioned']","Energy in one form or another is fundamental to almost all of the world‚Äôs economic activities. By understanding the demand, supply, and logistics of these commodities, we can better understand the world. We specialise in the proprietary trading of the short-term wholesale electricity markets across Europe. We make use of advanced data analytics and extensive research to drive profitable decision making, trading enough electricity every day to power a small country. Technology and risk management form the backbone of our business

Commercial Development Programme
‚Ä¢ The Cobblestone Commercial Development Programme is your passport to an exciting and challenging career in the world‚Äôs commodities markets. It is a 12-month programme designed to give you exposure across trading and analytics to help you develop the tools you need to be a highly effective team member. We are searching for exceptional graduates who thrive on intellectual challenges and can provide creative solutions to complex problems. This is a role for highly analytical and sharp individuals with strong numerical ability. One must be able to learn and think quickly. Opportunity is unlimited for exceptional talent.
‚Ä¢ We are offering graduate vacancies in our Dubai office starting throughout 2020.

Tasks / Responsibilities
‚Ä¢ Support the commercial decisions of the traders through the provision of timely analysis and market monitoring.
‚Ä¢ Perform research into various aspects of the European Energy markets
‚Ä¢ Analyse business requirements (tools and systems) and provide ideas to solutions that add value to the bottom line.

What we look for

(Are you bright, highly motivated and commercial-minded with a growth mindset?)
‚Ä¢ Very strong numerical, logical reasoning and analytical skills.
‚Ä¢ A in A level Mathematics. Must have studied Mathematics at A level. *
‚Ä¢ Strong commercial acumen
‚Ä¢ Resilience and a determination to succeed
‚Ä¢ Independent thinkers with a growth mindset
‚Ä¢ Programming (e.g. Python, Java, C++) skills are desirable but not mandatory.
‚Ä¢ Must be self-motivated and able to learn quickly.

Starting Remuneration of 30,000 USD per annum, 0% Tax environment.

Fast progression for strong performers.

Tagged as: Graduate",eyJqb2JfdGl0bGUiOiJKdW5pb3IgVHJhZGVyL0FuYWx5c3QgYXQgQ29iYmxlc3RvbmUgRW5lcmd5IChHcmFkdWF0ZXMpIiwiY29tcGFueV9uYW1lIjoiQ29iYmxlc3RvbmUgRW5lcmd5IiwiYWRkcmVzc19jaXR5IjoiQWJ1amEsIE5pZ2VyaWEiLCJodGlkb2NpZCI6ImNhbnBoeU5OWjM0WVh1VXRBQUFBQUE9PSIsInV1bGUiOiJ3K0NBSVFJQ0lIVG1sblpYSnBZUSIsImdsIjoidXMiLCJobCI6ImVuIn0=,,Full-time,2025-06-17 13:45:18.440447,Energy Trader,Nigeria,,
West African Trader/ /WAF Trader/,H. Pierson Associates Limited,Nigeria,GrabJobs,https://serpapi.com/searches/6851554c392e0b3cfef976a9/images/b1886801d9ce6b5c0e3f5f73664ba38681b48eb29ef6ea150a5ea15429992659.jpeg,['Full-time'],"Our client is a leading firm dealing in the Oil and gas sector & Energy Commodity Trading. With a commitment to excellence and innovation, it strives to deliver high-quality products/services while fostering a positive work environment for its employees. In continuation of its expansion and growth, the company is seeking a dynamic individual as the West African Trader. (WAF Trader)

Job Summary:

Our client is seeking a seasoned and entrepreneurial Trader with extensive experience in the West African Oil & Gas trading landscape. The ideal candidate will leverage AI-driven market analysis, predictive analytics, and automated trading strategies to enhance deal origination, execution, and management across crude oil, refined petroleum products (PMS, AGO, DPK, LPG), and gas derivatives. This role demands a robust and engaged clientele base, profound market insight enhanced through AI-assisted forecasting, and cross-border deal-making expertise supported by digital platforms and algorithmic trading tools.

Key Responsibilities:

Originate and execute profitable oil and gas trading deals across West Africa, including spot and term contracts.
Utilize existing client relationships to drive revenue and increase market share in targeted countries, such as Nigeria, Ghana, C√¥te d‚ÄôIvoire, Senegal, Togo, and Benin.
Leverage AI-powered risk assessment models to evaluate potential trading risks, supporting data-driven negotiation strategies and decision-making.
Utilizing AI tools to analyze market trends, forecast demand, and optimize trading strategies across the region.
Applying AI to monitor environmental impact, optimize resource usage, and support sustainable trading practices.
Using AI algorithms to identify and mitigate risks such as currency fluctuations, geopolitical challenges, and supply chain disruptions.
Leveraging AI to ensure efficient logistics, inventory management, and timely delivery of goods while minimizing costs.
Collaborate with logistics and operations teams to ensure seamless cargo delivery, scheduling, and documentation.
Work closely with finance, legal, and risk departments to structure deals, manage credit exposure, and mitigate trade risks.
Lead market penetration efforts into new territories and expand the portfolio of traded products.
Stay abreast of regulatory changes, compliance requirements, and geopolitical events impacting oil & gas trade in the region.
Prepare periodic trading reports, forecasts, and market intelligence updates for management decision-making.

Key Requirements

Bachelor‚Äôs degree in Petroleum Economics, Business, Finance, or related field. MBA or energy trading certifications (e.g., ICE, Platts) are advantageous.
7‚Äì12 years of trading experience in the oil & gas sector, with at least 5 years focusing on West African markets.
Demonstrated track record of successful trade origination and execution in crude, refined products, or gas.
Established client base within the oil & gas trading ecosystem (marketers, importers, refineries, or distributors).
Strong understanding of trade finance instruments, logistics (vessel chartering, tank farm storage), and risk management.
Proven expertise in utilizing AI technologies to enhance trading operations and strategies.
Strong analytical skills with the ability to interpret complex data and market signals.
Established and active clientele base, demonstrating effective relationship management.
Experience in executing cross-border trading deals and familiarity with relevant regulatory frameworks.
Ability to work under pressure, travel across the region, and manage multiple transactions concurrently.

Core Competencies

Strategic Deal Origination
Client Relationship Management
Market & Commercial Intelligence
Risk & Compliance Awareness
Cross-Border Negotiation
Energy Trading Acumen
Execution Excellence
Entrepreneurial Mindset

Original job West African Trader/ /WAF Trader/ posted on GrabJobs ¬©. To flag any issues with this job please use the Report Job button on GrabJobs.",eyJqb2JfdGl0bGUiOiJXZXN0IEFmcmljYW4gVHJhZGVyLyAvV0FGIFRyYWRlci8iLCJjb21wYW55X25hbWUiOiJILiBQaWVyc29uIEFzc29jaWF0ZXMgTGltaXRlZCIsImFkZHJlc3NfY2l0eSI6Ik5pZ2VyaWEiLCJodGlkb2NpZCI6IlFJeHVyYXVPQVZHeTdGc29BQUFBQUE9PSIsInV1bGUiOiJ3K0NBSVFJQ0lIVG1sblpYSnBZUSIsImdsIjoidXMiLCJobCI6ImVuIn0=,,Full-time,2025-06-17 13:45:18.440447,Energy Trader,Nigeria,,
Data Analyst at Husk Power Systems Nigeria Limited,Husk Power Systems,"Abuja, Nigeria",Terra.do,https://serpapi.com/searches/6851554e5c018f9b21c6bee9/images/efd50e636383ebca3e1e2fcacd1e37957c3cb7ca695a4eede2ae6459ef14eaf7.jpeg,['Full-time'],"Husk Power Systems Nigeria Limited is hiring a full-time Data Analyst in Abuja. The role involves supporting the Engineering team with database maintenance, data extraction, and analysis to address Nigeria's energy access challenges. Candidates should have a relevant degree and some experience with data handling, programming, and statistical tools. This internship offers the chance to contribute to rural electrification efforts in Africa and Asia.
Never Miss a Job Update Again.

We have started building our professional LinkedIn page.
‚Ä¢ Company:
‚Ä¢ Location: Nigeria
‚Ä¢ State:
‚Ä¢ Job type: Full-Time
‚Ä¢ Job category:

Husk is one of the world‚Äôs leading rural energy providers. We provide low-cost and reliable power to rural households and businesses, entirely from renewable energy sources. Powering economic possibilities in every village is at the heart of everything we do.

We design, build and operate the lowest cost hybrid (solar and biomass) power plant and distribution network in India and Africa. To date, Husk has provided electricity to over 15,000 homes and business, reducing 95,000 tonnes of CO2. Our aim is to provide 30MW of power to 225,000 customers by 2025, and save 350,000 tonnes of CO2 each year.

We Are Recruiting To Fill The Position Below

Job Title: Data Analyst

Location: Abuja

Job type: Full time

Role Summary
‚Ä¢ We are seeking a Data Analyst to support the Engineering team in developing and maintaining databases, software creation across the business and countries.
‚Ä¢ This is an internship role that position the candidate to learn, contribute to solving one of Nigeria‚Äôs most critical challenges ‚Äì the energy access deficit.
‚Ä¢ The individual should also be passionate about solving one of Nigeria‚Äôs most critical challenges ‚Äì the energy access deficit.
‚Ä¢ This position provides the opportunity to join a growing team that is changing the face of rural electrification in many countries in Africa and Asia, including India, Nigeria, etc.

Key Responsibilities
‚Ä¢ Using automated tools to extract data from primary and secondary sources.
‚Ä¢ Removing corrupted data and fixing coding errors and related problems.
‚Ä¢ Developing and maintaining databases, data systems ‚Äì reorganizing data in a readable format.
‚Ä¢ Performing analysis to assess quality and meaning of data.
‚Ä¢ Filter data by reviewing reports and performance indicators to identify and provide issues related to the coding problems.
‚Ä¢ Using statistical tools to identify, analyze, and interpret patterns and trends in complex data sets that could be helpful for diagnosis and prediction.
‚Ä¢ Assigning numerical value to essential business functions so that business performance can be assessed and compared over periods of time.
‚Ä¢ Analyzing local, national, and global trends that impact both the organization and the industry.
‚Ä¢ Preparing reports for the management stating trends, patterns, and predictions using relevant data.
‚Ä¢ Working with programmers, engineers, and management heads to identify process improvement opportunities, propose system modifications, and devise data governance strategies.
‚Ä¢ Preparing final analysis reports for the stakeholders to understand the data-analysis steps, enabling them to take important decisions based on various facts and trends.

Required Skills & Attributes
‚Ä¢ Bachelor‚Äôs Degree in an Engineering discipline, mathematics, statistics.
‚Ä¢ 0 ‚Äì 2 years of experience handling data and data driven decision making.
‚Ä¢ Knowledge of programming languages like SQL and Python, R, MATLAB.
‚Ä¢ Technical proficiency regarding database design development, data models, techniques for data mining, and segmentation.
‚Ä¢ Experience in handling reporting packages like Business Objects, programming (Javascript, XML, or ETL frameworks), databases.
‚Ä¢ Proficiency in statistics and statistical packages like Excel, SPSS, SAS to be used for data set analyzing.
‚Ä¢ Knowledge of data visualization software like Power BI, Tableau.
‚Ä¢ Knowledge of how to create and apply the most accurate algorithms to datasets in order to find solutions.
‚Ä¢ Adept at queries, writing reports, and making presentations.
‚Ä¢ Proven working experience in data analysis.
‚Ä¢ Understanding on IOT and Telemetry Data
‚Ä¢ Self-starter who is comfortable taking a task and delivering on it without micromanagement.
‚Ä¢ Problem-solving skills and Team working skills
‚Ä¢ Accuracy and attention to details.

Application Closing Date

Not Specified.

Don't Keep! Kindly Share:
‚Ä¢ *
‚Ä¢",eyJqb2JfdGl0bGUiOiJEYXRhIEFuYWx5c3QgYXQgSHVzayBQb3dlciBTeXN0ZW1zIE5pZ2VyaWEgTGltaXRlZCIsImNvbXBhbnlfbmFtZSI6Ikh1c2sgUG93ZXIgU3lzdGVtcyIsImFkZHJlc3NfY2l0eSI6IkFidWphLCBOaWdlcmlhIiwiaHRpZG9jaWQiOiItd01TQTMyVlEySGRKQ21NQUFBQUFBPT0iLCJ1dWxlIjoidytDQUlRSUNJSFRtbG5aWEpwWVEiLCJnbCI6InVzIiwiaGwiOiJlbiJ9,,Full-time,2025-06-17 13:45:21.818750,Energy Analyst,Nigeria,,
"Analyst, Senior Operations at Tetracore Energy Group",Tetracore Energy Group,Nigeria,LinkedIn Nigeria,https://serpapi.com/searches/6851554e5c018f9b21c6bee9/images/efd50e636383ebcafa221d826593e58515ff08b49766a168343d36edbcc92970.jpeg,['Full-time'],"Never Miss a Job Update Again.

We have started building our professional LinkedIn page.
‚Ä¢ Company:
‚Ä¢ Location: Nigeria
‚Ä¢ State:
‚Ä¢ Job type: Full-Time
‚Ä¢ Job category:

Tetracore Energy Group is an integrated energy solutions provider with a robust and increasing energy portfolio (natural gas and power delivery) across the energy landscape in Nigeria and a growing footprint within the African continent. We are driven with a singular goal to deliver clean, cost effective and sustainable energy solutions for power, commercial and industrial sectors within the Nigerian Clime and the African Continent.

We Are Recruiting To Fill The Position Below

Job Title: Analyst, Senior Operations

Location: Abeokuta, Ogun

Job Responsibilities
‚Ä¢ Manage plant process.
‚Ä¢ Operate and maintain various CNG plant systems
‚Ä¢ Record plant process Parameters.
‚Ä¢ Carry out equipment upkeep.
‚Ä¢ Carry-out process improvement activities.
‚Ä¢ Provide Support for other utility maintenance activities.
‚Ä¢ Timely and efficient reporting.
‚Ä¢ Receive, schedule and load CNG skids
‚Ä¢ Maintain daily logs of operation, maintenance, and safety activities, including test results, instrument readings, and details of equipment malfunctions and maintenance work.

Requirements

Educational Qualification:
‚Ä¢ HND / B.Sc in Mechanical / Electrical Engineering

Work Experience
‚Ä¢ 2 -5 Years

Technical Qualification
‚Ä¢ Safety and Compliance
‚Ä¢ Gas conditioning
‚Ä¢ CNG mother station operations i.e compressors, dispensers, storage systems, and associated control systems.
‚Ä¢ Technical
‚Ä¢ Gas plant maintenance
‚Ä¢ Strong Tools handling
‚Ä¢ Documentation and reporting
‚Ä¢ Ensure the continuous and safe supply of CNG to customers and internal fleets.
‚Ä¢ Coordination with external service providers for major repairs and maintenance within the facility as needed.

Application Closing Date

30th September, 2024.

Don't Keep! Kindly Share:
‚Ä¢ *
‚Ä¢",eyJqb2JfdGl0bGUiOiJBbmFseXN0LCBTZW5pb3IgT3BlcmF0aW9ucyBhdCBUZXRyYWNvcmUgRW5lcmd5IEdyb3VwIiwiY29tcGFueV9uYW1lIjoiVGV0cmFjb3JlIEVuZXJneSBHcm91cCIsImFkZHJlc3NfY2l0eSI6Ik5pZ2VyaWEiLCJodGlkb2NpZCI6InFiV2FNdFVnQ0lHclFvd3ZBQUFBQUE9PSIsInV1bGUiOiJ3K0NBSVFJQ0lIVG1sblpYSnBZUSIsImdsIjoidXMiLCJobCI6ImVuIn0=,,Full-time,2025-06-17 13:45:21.818750,Energy Analyst,Nigeria,,
Business Analyst at EM-ONE Energy Solutions Ltd,EM-ONE Energy Solutions Limited,"Abuja, Nigeria",JobNetworkNigeria,https://serpapi.com/searches/6851554e5c018f9b21c6bee9/images/efd50e636383ebca7b06433e0f2c46dceb574b7a843b3fe560b79848020a427a.jpeg,['Full-time'],"EM-ONE is an engineering, technology and consulting firm with over 10 years of experience delivering sustainable energy solutions and smart electricity infrastructure to West Africa. We have worked closely with donors, private sector players and leading technology partners to build over 400 solar microgrids for both rural communities and commercial & industrial applications. Our work helps our clients of all sizes increase their efficiency, leverage clean technology, and develop new and innovative energy services.

Consulting engagements in Africa‚Äôs energy sector that focus on data collection and analysis, viability

research and behavioral evaluation are on the rise. These engagements require a different way of thinking and call for skill sets beyond just technical competence. This will require drawing on both business acumen and technical expertise to analyze issues holistically, deploy solutions and create value for all stakeholders involved in the consulting value chain.

Job Position: Business Analyst

Job Location: Abuja (FCT), Nigeria

Job Responsibilities
‚Ä¢ The Business Analyst will focus on commercial analysis and business operations and will be responsible for analyzing and improving the company‚Äôs financial and operational performance.
‚Ä¢ The Business Analyst will work closely with the management team and other departments to identify areas for improvement and implement strategies to increase efficiency and profitability.
‚Ä¢ The ideal candidate for this role should have a strong background in business analysis, finance, as well as experience in the solar energy industry.
‚Ä¢ Strong analytical, problem-solving, and communication skills are also essential.
‚Ä¢ Knowledge of business operations, supply chain management, project management, and commercial analysis are a plus.
‚Ä¢ The successful candidate will be based out of Abuja, Nigeria, and will report directly to the CEO and work closely with the Business Development Manager.

The main responsibilities will include:
‚Ä¢ Conducting market research and analysis to identify new business opportunities and trends in the solar energy industry.
‚Ä¢ Developing financial models and forecasts to support decision-making and strategic planning.
‚Ä¢ Identifying and analyzing key performance indicators (KPIs) to measure the company‚Äôs performance and identify areas for improvement.
‚Ä¢ Developing and implementing supply chain management strategies to optimize the company‚Äôs operations and reduce costs.
‚Ä¢ Identifying and evaluating new business opportunities, such as partnerships, strategic alliances, and other forms of collaboration
‚Ä¢ Supporting the management of existing commercial partnerships and relationships
‚Ä¢ Provide support on commercial activities including proposals, invoicing, forecasting, and commercial analysis for ongoing projects.
‚Ä¢ Coordinating with other departments, such as engineering, projects, and finance, to ensure that commercial activities are aligned with overall company goals and objectives.
‚Ä¢ Keeping abreast of industry developments and new technologies and identifying opportunities for the company to stay competitive.
‚Ä¢ Produce power-point decks to communicate business plans and strategies to various levels of the global organization.
‚Ä¢ Assist CEO and other members of the executive team on internal projects and strategic initiatives ‚Äì working with minimal oversight and contributing to business development, strategy, and corporate development.

Job Requirements

We are looking for an expert with a passion for building the team. The right candidate will enjoy working in a fast-paced, entrepreneurial environment.
‚Ä¢ At least 5 years of relevant experience
‚Ä¢ Bachelor‚Äôs Degree in Engineering, Business, or Finance, MBA preferred.
‚Ä¢ Advanced skill levels in Excel including macros, complex charts, and pivot tables.
‚Ä¢ Advanced power points skills
‚Ä¢ Strong organizational and analytical skills
‚Ä¢ Excellent communication and interpersonal skills
‚Ä¢ Proactive nature, keen on attention to detail, self-directed and results-oriented
‚Ä¢ Ability to multi-task and manage numerous projects simultaneously.
‚Ä¢ The ability to effectively prioritize and execute tasks in a high-pressure environment is crucial.
‚Ä¢ Must be able to learn, understand and apply new technologies.
‚Ä¢ Ability and willingness to travel internationally.

Benefits
‚Ä¢ Solid social and environmental impact mission (sustainable energy + increasing renewables to accelerate the energy transition) ‚Äì with a team passionate about what we do and how we do it.
‚Ä¢ The role is high impact ‚Äì you will feel your direct impact on the company, our mission, and on our leadership team.
‚Ä¢ We are an equal opportunities employer, and we operate with an anti-oppression mindset. We maintain awareness of and continue to be sensitive to structural oppression/privilege at work and in the communities we serve.
‚Ä¢ Salary range: competitive based on experience
‚Ä¢ Benefits: full range of health & dental; education allowance and learning & development experiences; generous paid sick days & vacation.

How to Apply

Interested and qualified candidates should:

Click here to apply online

Tagged as: Business Development",eyJqb2JfdGl0bGUiOiJCdXNpbmVzcyBBbmFseXN0IGF0IEVNLU9ORSBFbmVyZ3kgU29sdXRpb25zIEx0ZCIsImNvbXBhbnlfbmFtZSI6IkVNLU9ORSBFbmVyZ3kgU29sdXRpb25zIExpbWl0ZWQiLCJhZGRyZXNzX2NpdHkiOiJBYnVqYSwgTmlnZXJpYSIsImh0aWRvY2lkIjoiOXQ2S0JDY2lmTEVOV1RtTEFBQUFBQT09IiwidXVsZSI6IncrQ0FJUUlDSUhUbWxuWlhKcFlRIiwiZ2wiOiJ1cyIsImhsIjoiZW4ifQ==,,Full-time,2025-06-17 13:45:21.818750,Energy Analyst,Nigeria,,
Senior Data Analyst,Advanced Energy,"Lame, Nigeria",LinkedIn Nigeria,https://serpapi.com/searches/6851554e5c018f9b21c6bee9/images/efd50e636383ebcadf6a589a3dec5daf7b689876ae85805b0db8257d588728e1.jpeg,['Full-time'],"About Advanced Energy: Advanced Energy (Nasdaq: AEIS) is a global leader in the design and

manufacturing of highly engineered, precision power conversion, measurement, and control

solutions for mission-critical applications and processes. AE‚Äôs power solutions enable customer

innovation in complex applications for various industries, including semiconductor equipment,

industrial, manufacturing, telecommunications, data center computing, and healthcare. With

engineering expertise and responsive service and support worldwide, the company builds

collaborative partnerships to meet technological advancements, drive growth for its customers,

and innovate the future of power. Advanced Energy has dedicated four decades to perfecting

power for its global customers and is headquartered in Denver, Colorado.

About the Senior Data Analyst Role: As a Senior Data Analyst, you will be an integral part of

AE‚Äôs global supply chain function. Within the Supply Chain Planning function, you will support the

data and analytics needs as the function progresses towards its digital transformation. As a highly

motivated analyst, you will champion data-driven decision-making. You will assist internal teams

in transitioning from traditional working methods and extracting valuable insights. Additionally,

you will contribute to the digital transformation journey by digitizing and automating data

extraction and preparation processes. This role offers an excellent opportunity to gain a

comprehensive understanding of the supply chain function from industry professionals and to

grow within the Analytics space.

Key Responsibilities:
‚Ä¢ Engage with stakeholders, including operational managers and senior executives, to

understand critical business questions addressed through analytics.
‚Ä¢ Facilitate discovery sessions and requirements workshops for business users.
‚Ä¢ Identify data sources, collect data through manual or automated means, source missing

data, and clean, transform, and organize data into a usable format.
‚Ä¢ Design, develop, and deploy reports and dashboards (data visualization), and generate

business presentations and formal written reports to communicate the results of data

analysis.
‚Ä¢ Document data flow and process flow, identifying gaps and areas for improvement.
‚Ä¢ Train and support the Internal Data Champion through coaching and mentoring.
‚Ä¢ Collaborate with IT and internal teams to support cloud initiatives and data asset

migration.

Qualifications:
‚Ä¢ Degree in Computer Science, Information Technology, or equivalent STEM fields.
‚Ä¢ Minimum of 5 years of experience in an analytics domain.
‚Ä¢ Proven experience working with senior business stakeholders (essential).
‚Ä¢ Strong understanding and experience with cloud platforms, preferably Databricks or

Azure (essential).
‚Ä¢ Hands-on experience with SQL, Python or PySpark, with the ability to write productionlevel

code (essential).
‚Ä¢ Proficiency with Power BI for analytics and data visualization (essential).
‚Ä¢ Advanced knowledge of data wrangling and data transformation techniques for cleaning

and translating raw data into usable forms.
‚Ä¢ Familiarity with data governance, master data, and metadata management.
‚Ä¢ Knowledge of Power Apps, Power Automate, and UI Path is a significant plus but not

mandatory.
‚Ä¢ Experience in Manufacturing or Supply Chain is highly desirable.
‚Ä¢ Knowledge of SAP S4 and understanding of relevant data tables is a significant plus.
‚Ä¢ Willingness to take need-based calls in the US time zone.

Learning & Development Opportunities:
‚Ä¢ Opportunity to learn and grow in the Supply Chain Digital Transformation space as AE

embarks on its journey.
‚Ä¢ Coaching and mentoring from Analytics Leaders in the field.
‚Ä¢ Opportunities to travel and collaborate with cross-border teams on internal initiatives.",eyJqb2JfdGl0bGUiOiJTZW5pb3IgRGF0YSBBbmFseXN0IiwiY29tcGFueV9uYW1lIjoiQWR2YW5jZWQgRW5lcmd5IiwiYWRkcmVzc19jaXR5IjoiTGFtZSwgTmlnZXJpYSIsImh0aWRvY2lkIjoiYVNOeVkwNWtOdWNrZjVXbEFBQUFBQT09IiwidXVsZSI6IncrQ0FJUUlDSUhUbWxuWlhKcFlRIiwiZ2wiOiJ1cyIsImhsIjoiZW4ifQ==,,Full-time,2025-06-17 13:45:21.818750,Energy Analyst,Nigeria,,
Supply Chain Analyst,Savannah Energy,Nigeria,Jobs At Savannah Energy PLC - Savannah Energy,https://serpapi.com/searches/6851554e5c018f9b21c6bee9/images/efd50e636383ebcaa14d0de09a0690d018c6af79dbf74cffa963456f44de53cc.png,"['12 days ago', 'Full-time']","About Savannah

Savannah Energy is a young, high growth, highly ambitious energy company. We are focused on operating in countries where we can make a difference to our host communities, where we can play a strategic role in the energy sector and where we can make a positive impact on the socio-economic development of the country. Our vision is to create a best in class African-focused energy company that we and our stakeholders are proud of. Our five core values of Sustainability, Excellence, Entrepreneurialism, Integrity and Teamwork define the essence of Savannah and underpin our corporate culture.

Job Purpose/Objectives
‚Ä¢ To act as a strategic link between Operations & Maintenance and the Supply Chain team, ensuring procurement needs are met efficiently and proactively. The role combines supply chain execution with analytics to improve visibility, streamline order processes, and drive continuous improvement across operations-related procurement activities.

Job & Main Specifications (Education/Knowledge, Skills, Attributes, Experience & Other Required Details)
‚Ä¢ University degree, preferably in Engineering, Supply Chain or a Business-related discipline.
‚Ä¢ At least 4 years‚Äô experience in supply chain, procurement, or operations analytics; oil and gas experience preferred.
‚Ä¢ Strong data analysis and reporting skills; proficiency in tools such as Excel (advanced), Power BI/Tableau, or similar business intelligence platforms.
‚Ä¢ Proven experience working with ERP systems (SAP preferred).
‚Ä¢ Deep understanding of supply chain processes, procurement lifecycles, and inventory management best practices.
‚Ä¢ Excellent communication and interpersonal skills.
‚Ä¢ Effective communicator with the ability to translate data into actionable insights and collaborate across functional teams.
‚Ä¢ Be willing to live our values and have a passion for projects that matter.

Duties & Responsibilities
‚Ä¢ Act as a key interface between Operations & Maintenance and Supply Chain to align procurement needs with business priorities.
‚Ä¢ Leverage data analytics to monitor procurement performance, identify inefficiencies, and recommend process improvements.
‚Ä¢ Design, maintain, and enhance dashboards and reports (e.g., Sap Analytics Clouds, Excel) to visualize KPIs such as order cycle time, PR-to-PO conversion, supplier performance, and inventory levels.
‚Ä¢ Analyse critical spares usage and inventory trends to drive optimized stock levels and reduce operational downtime.
‚Ä¢ Collaborate with Procurement and Inventory teams to develop data-backed sourcing and replenishment strategies.
‚Ä¢ Automate data collection and reporting processes to improve decision speed and reduce manual effort.
‚Ä¢ Track and communicate procurement progress in weekly operations meetings; follow through on open action items and provide regular performance updates.
‚Ä¢ Drive proactive issue resolution across procurement workflows, using data insights to support risk mitigation and continuous improvement.
‚Ä¢ Maintain strong internal stakeholder relationships to ensure alignment across functions and seamless execution of supply chain initiatives.
‚Ä¢ Contact vendors, place orders, verify supplies, manage supply requisition and communicate with suppliers to determine expected delivery dates and inform Project Managers and internal stakeholders of status of orders.
‚Ä¢ Monitor and maintain project and delivery schedule by collaborating with Project Managers for updates on delivery timelines.
‚Ä¢ Compile, record and report project performance and progress to management and key stakeholders.
‚Ä¢ Perform other tasks as assigned by the Line Manager in support of data-driven supply chain operations.

Savannah Energy is an equal opportunity employer. We do not discriminate on the basis of age, disability, gender, marriage or civil partnership, maternity or pregnancy, race, religion, belief or sexual orientation. Savannah Energy values the protection of your personal data. We process all data in line with the Nigeria Data Protection Regulation 2019.

Please note that only qualified candidates will be contacted.",eyJqb2JfdGl0bGUiOiJTdXBwbHkgQ2hhaW4gQW5hbHlzdCIsImNvbXBhbnlfbmFtZSI6IlNhdmFubmFoIEVuZXJneSIsImFkZHJlc3NfY2l0eSI6Ik5pZ2VyaWEiLCJodGlkb2NpZCI6Ikl0ZTNKamxXb3FMS0xydHRBQUFBQUE9PSIsInV1bGUiOiJ3K0NBSVFJQ0lIVG1sblpYSnBZUSIsImdsIjoidXMiLCJobCI6ImVuIn0=,,Full-time,2025-06-17 13:45:21.818750,Energy Analyst,Nigeria,12 days ago,
Junior Trader/Analyst at Cobblestone Energy (Graduates),Cobblestone Energy,"Abuja, Nigeria",JobNetworkNigeria,,"['Full-time', 'No degree mentioned']","Energy in one form or another is fundamental to almost all of the world‚Äôs economic activities. By understanding the demand, supply, and logistics of these commodities, we can better understand the world. We specialise in the proprietary trading of the short-term wholesale electricity markets across Europe. We make use of advanced data analytics and extensive research to drive profitable decision making, trading enough electricity every day to power a small country. Technology and risk management form the backbone of our business

Commercial Development Programme
‚Ä¢ The Cobblestone Commercial Development Programme is your passport to an exciting and challenging career in the world‚Äôs commodities markets. It is a 12-month programme designed to give you exposure across trading and analytics to help you develop the tools you need to be a highly effective team member. We are searching for exceptional graduates who thrive on intellectual challenges and can provide creative solutions to complex problems. This is a role for highly analytical and sharp individuals with strong numerical ability. One must be able to learn and think quickly. Opportunity is unlimited for exceptional talent.
‚Ä¢ We are offering graduate vacancies in our Dubai office starting throughout 2020.

Tasks / Responsibilities
‚Ä¢ Support the commercial decisions of the traders through the provision of timely analysis and market monitoring.
‚Ä¢ Perform research into various aspects of the European Energy markets
‚Ä¢ Analyse business requirements (tools and systems) and provide ideas to solutions that add value to the bottom line.

What we look for

(Are you bright, highly motivated and commercial-minded with a growth mindset?)
‚Ä¢ Very strong numerical, logical reasoning and analytical skills.
‚Ä¢ A in A level Mathematics. Must have studied Mathematics at A level. *
‚Ä¢ Strong commercial acumen
‚Ä¢ Resilience and a determination to succeed
‚Ä¢ Independent thinkers with a growth mindset
‚Ä¢ Programming (e.g. Python, Java, C++) skills are desirable but not mandatory.
‚Ä¢ Must be self-motivated and able to learn quickly.

Starting Remuneration of 30,000 USD per annum, 0% Tax environment.

Fast progression for strong performers.

Tagged as: Graduate",eyJqb2JfdGl0bGUiOiJKdW5pb3IgVHJhZGVyL0FuYWx5c3QgYXQgQ29iYmxlc3RvbmUgRW5lcmd5IChHcmFkdWF0ZXMpIiwiY29tcGFueV9uYW1lIjoiQ29iYmxlc3RvbmUgRW5lcmd5IiwiYWRkcmVzc19jaXR5IjoiQWJ1amEsIE5pZ2VyaWEiLCJodGlkb2NpZCI6ImNhbnBoeU5OWjM0WVh1VXRBQUFBQUE9PSIsInV1bGUiOiJ3K0NBSVFJQ0lIVG1sblpYSnBZUSIsImdsIjoidXMiLCJobCI6ImVuIn0=,,Full-time,2025-06-17 13:45:21.818750,Energy Analyst,Nigeria,,
Organizational Effectiveness (OE) Analyst at Amaiden Energy Nigeria Limited,Amaiden Energy Nigeria Limited,Nigeria,Jooble,,"['20 days ago', 'Full-time']","We are recruiting to fill the position below:
Job Title: Organizational Effectiveness (OE) Analyst

Location : Port Harcourt, Rivers
Job Type: Contract
Job Nature: Standard
Category: Business Analyst",eyJqb2JfdGl0bGUiOiJPcmdhbml6YXRpb25hbCBFZmZlY3RpdmVuZXNzIChPRSkgQW5hbHlzdCBhdCBBbWFpZGVuIEVuZXJneSBOaWdlcmlhIExpbWl0ZWQiLCJjb21wYW55X25hbWUiOiJBbWFpZGVuIEVuZXJneSBOaWdlcmlhIExpbWl0ZWQiLCJhZGRyZXNzX2NpdHkiOiJOaWdlcmlhIiwiaHRpZG9jaWQiOiJpMnVaQzFqQlN1QUJGWlBhQUFBQUFBPT0iLCJ1dWxlIjoidytDQUlRSUNJSFRtbG5aWEpwWVEiLCJnbCI6InVzIiwiaGwiOiJlbiJ9,,Full-time,2025-06-17 13:45:21.818750,Energy Analyst,Nigeria,20 days ago,
