title,company_name,location,via,extensions,description,job_id,thumbnail,posted_at,work_from_home,schedule_type,salary,date_time,search_term,search_location
Quantitative Energy Trader (all),BKW Gruppe,Anywhere,Indeed CH,"['14 hours ago', 'Work from home', 'Full-time']","Join our dynamic, teamwork-focused environment and seize a unique opportunity to grow and take responsibility within a successful trading team. We offer a competitive compensation package and the chance to make a real impact from day one.

Your role
• Research quantitative trading strategies in the European energy space (power, gas, emissions, coal, crude oil)
• Execute your strategies in the market manually or with an automated execution engine
• Openly communicate and discuss positions, trading ideas and market opportunities with the trading team

What you bring to the role
• You have a university degree in a quantitative subject and a few years professional experience in a relevant financial institution, trading house or utility
• Excellent coding skills and professional experience analyzing large datasets using econometric methods
• Trading experience, preferably in a setting with automated order execution
• Alternatively, a strong passion for markets, resilience under pressure, and a track record of decision-making under uncertainty

Apply

We are not interested in enquiries from recruitment agencies.

What you can look forward to

As a responsible employer, we offer:
• Fair and market-oriented remuneration
• Flexible working models
• Personalised training and development opportunities
• Comprehensive health management system
• A progressive infrastructure
• Company

BKW Energie AG
• Job location

Zürich
• Employment level

100%
• Remote work

Partially possible
• Field of work

Trading
• Employment type

Permanent contract
• Reference number

S-25953

Questions about the position

Thomas Puppe

Senior Energy Trader

+41 58 477 63 08

Questions about the application process

Melanie Bourgeois

Recruiting Partner

+41 58 477 51 98

We use the term 'all' in our job titles because the BKW Group values a diverse workforce and welcomes applications from all sections of the community regardless of age, gender, social or ethnic origin, skin colour, nationality, language, sexual orientation/identity or religion.",eyJqb2JfdGl0bGUiOiJRdWFudGl0YXRpdmUgRW5lcmd5IFRyYWRlciAoYWxsKSIsImNvbXBhbnlfbmFtZSI6IkJLVyBHcnVwcGUiLCJhZGRyZXNzX2NpdHkiOiJaw7xyaWNoLCBTd2l0emVybGFuZCIsImh0aWRvY2lkIjoiQlRlLWlxNkVUdTItTDBYTkFBQUFBQT09IiwidXVsZSI6IncrQ0FJUUlDSUxVM2RwZEhwbGNteGhibVEiLCJnbCI6InVzIiwiaGwiOiJlbiJ9,,14 hours ago,True,Full-time,,2025-06-17 12:26:26.707198,Quantitative Trader,Switzerland
Quantitative Energy Trader (all),BKW AG,"Zürich, Switzerland",Jobs.ch,"['7 hours ago', 'Full-time']","Join our dynamic, teamwork-focused environment and seize a unique opportunity to grow and take responsibility within a successful trading team. We offer a competitive compensation package and the chance to make a real impact from day one.

Your role
• Research quantitative trading strategies in the European energy space (power, gas, emissions, coal, crude oil)
• Execute your strategies in the market manually or with an automated execution engine
• Openly communicate and discuss positions, trading ideas and market opportunities with the trading team

What you bring to the role
• You have a university degree in a quantitative subject and a few years professional experience in a relevant financial institution, trading house or utility
• Excellent coding skills and professional experience analyzing large datasets using econometric methods
• Trading experience, preferably in a setting with automated order execution
• Alternatively, a strong passion for markets, resilience under pressure, and a track record of decision-making under uncertainty

Questions about the application process

Melanie Bourgeois

Recruiting Partner

+41 58 477 51 98

Questions about the position

Thomas Puppe

Senior Energy Trader

+41 58 477 63 08

What you can look forward to

As a responsible employer, we offer:
• Fair and market-oriented remuneration
• Flexible working models
• Personalised training and development opportunities
• Comprehensive health management system
• A progressive infrastructure

About us

BKW is an international company offering a wide range of services, from building technologies, infrastructure engineering to comprehensive energy solutions. Together with our 11,500 employees, we build networks, generate energy and deliver energy-efficient buildings, designing the sustainable living space of tomorrow.
We need people like you with ideas, commitment and dedication. Help us make a valuable contribution to society and our environment.

Where you will be working

Zürich

Remote work

Partially possible",eyJqb2JfdGl0bGUiOiJRdWFudGl0YXRpdmUgRW5lcmd5IFRyYWRlciAoYWxsKSIsImNvbXBhbnlfbmFtZSI6IkJLVyBBRyIsImFkZHJlc3NfY2l0eSI6IlrDvHJpY2gsIFN3aXR6ZXJsYW5kIiwiaHRpZG9jaWQiOiJoUHFUXzZicWJiblBsanduQUFBQUFBPT0iLCJ1dWxlIjoidytDQUlRSUNJTFUzZHBkSHBsY214aGJtUSIsImdsIjoidXMiLCJobCI6ImVuIn0=,https://serpapi.com/searches/685142d0392e0b74bac38c72/images/12380f8a32dd6f305905311806eb724098336ba92761612601f8c6b27faae4f5.png,7 hours ago,,Full-time,,2025-06-17 12:26:26.707198,Quantitative Trader,Switzerland
Quantitative Developer - Commodities Trading,Altus Search Ltd,"Thalwil, Switzerland",LinkedIn,"['1 hour ago', 'Full-time', 'No degree mentioned']","Ref: 524ASISW

Title: Quantitative Developer - Commodities Trading

Location: Thalwil, Zurich, Switzerland

Salary: Attractive

Date: 17th June 2025

Our client, a leading international financial institution, is seeking an experienced Quantitative Analyst to join its office. This role requires a strong understanding of quantitative methodologies to develop and enhance analytics solutions that support commodity management decisions. You will collaborate closely with digital teams and business users to identify priorities and optimize workflows.

Duties Include:
• Collaborate with business teams to identify and prioritize areas where machine learning can improve decision-making.
• Design, develop, and implement end-to-end machine learning models, including regression, classification, text analysis, and time series forecasting.
• Collect, process, analyze, and visualize large structured and unstructured datasets from internal and external sources.
• Ensure the application of appropriate modeling techniques to generate reliable and actionable insights.
• Monitor model performance, continuously improving and expanding the model scope.
• Work alongside data engineers to build scalable and repeatable data pipelines, ensuring consistency and robustness in analytics applications.
• Establish best practices for integration projects and data-driven initiatives.

The preferred candidate should possess experience in writing clean, efficient production-level Python code and strong knowledge of DevOps practices (e.g., Git, Agile methodology) with additional knowledge in MLOps, model architecture design, and testing patterns) excellent communication and interpersonal skills and be able to interact at all levels of business efficiently.

If you are interested in this opportunity, please email your C.V. to contact@altussearch.ch or call Altus Search on +41 (0) 41 560 02 21 for a confidential discussion.",eyJqb2JfdGl0bGUiOiJRdWFudGl0YXRpdmUgRGV2ZWxvcGVyIC0gQ29tbW9kaXRpZXMgVHJhZGluZyIsImNvbXBhbnlfbmFtZSI6IkFsdHVzIFNlYXJjaCBMdGQiLCJhZGRyZXNzX2NpdHkiOiJUaGFsd2lsLCBTd2l0emVybGFuZCIsImh0aWRvY2lkIjoiZ2JIUGpnaFJheXNLS2F4d0FBQUFBQT09IiwidXVsZSI6IncrQ0FJUUlDSUxVM2RwZEhwbGNteGhibVEiLCJnbCI6InVzIiwiaGwiOiJlbiJ9,https://serpapi.com/searches/685142d0392e0b74bac38c72/images/12380f8a32dd6f3015a3d13a47fe65d8190ba65e304f8468b1067a363dce50e7.jpeg,1 hour ago,,Full-time,,2025-06-17 12:26:26.707198,Quantitative Trader,Switzerland
Junior Quantitative Trader,TransMarket Group,"Martigny, Switzerland",Jobs.weekday.works,"['29 days ago', 'Full-time', 'No degree mentioned']","Help the firm build mathematical models based on expert understanding of fundamental market relationships. Steer the trading system in real time, learn and execute disciplined risk management in global markets. Those with a clear passion for markets, a competitive nature, and the willingness to learn typically fit this role best. Prep for the interview.",eyJqb2JfdGl0bGUiOiJKdW5pb3IgUXVhbnRpdGF0aXZlIFRyYWRlciIsImNvbXBhbnlfbmFtZSI6IlRyYW5zTWFya2V0IEdyb3VwIiwiYWRkcmVzc19jaXR5IjoiTWFydGlnbnksIFN3aXR6ZXJsYW5kIiwiaHRpZG9jaWQiOiJtMzIwVGZ1bl9SVFBTMTRkQUFBQUFBPT0iLCJ1dWxlIjoidytDQUlRSUNJTFUzZHBkSHBsY214aGJtUSIsImdsIjoidXMiLCJobCI6ImVuIn0=,https://serpapi.com/searches/685142d0392e0b74bac38c72/images/12380f8a32dd6f3014501b28aea6efbc57ae033266a3b3ab95d5c54713ca9a2c.png,29 days ago,,Full-time,,2025-06-17 12:26:26.707198,Quantitative Trader,Switzerland
Senior HFT Quantitative Trader/Researcher - Digital Assets (EU Remote),Keyrock,Anywhere,Himalayas.app,"['26 days ago', 'Work from home', 'Full-time']","Since our beginnings in 2017, we've grown to be a leading change-maker in the digital asset space, renowned for our partnerships and innovation.

Today, we rock with over 170 team members around the world. Our diverse team hails from 42 nationalities, with backgrounds ranging from DeFi natives to PhDs. Predominantly remote, we have hubs in London, Brussels and Singapore, and host regular online and offline hangouts to keep the crew tight.

We are trading on more than 80 exchanges, and working with a wide array of asset issuers. As a well-established market maker, our distinctive expertise led us to expand rapidly. Today, our services span market making, options trading, high-frequency trading, OTC, and DeFi trading desks.

But we’re more than a service provider. We’re an initiator. We're pioneers in adopting the Rust Development language for our algorithmic trading, and champions of its use in the industry. We support the growth of Web3 startups through our Accelerator Program. We upgrade ecosystems by injecting liquidity into promising DeFi, RWA, and NFT protocols. And we push the industry's progress with our research and governance initiatives.

At Keyrock, we're not just envisioning the future of digital assets. We're actively building it.

Mission statement

What we are looking for… a dynamic, driven Senior HFT Quantitative Trader/Researcher to work in collaboration with our engineers, data scientists and quantitative traders. We are currently looking for people with experience developing and running systematic strategies in the HFT space.

The ideal candidate will be able to analyze existing trading strategies and identify areas of improvement. They will also be able to develop their own trading strategies and take them from hypothesis to production. The candidate must have a strong mathematical background. They must have a good understanding of the engineering problems faced by an HFT business and be able to collaborate with senior developers in overcoming these challenges.

If the candidate has run systematic strategies in the HFT space they should be able to demonstrate the performance of the strategies.
Job description
• Building models to create new trading strategies
• Structuring and implementing algorithmic trading strategies
• Backtesting algorithmic trading strategies
• Software development and implementation
• Monitoring market performance
• Market analysis

Background and experience

As a quantitative trading researcher, you have strong analytical capabilities and are fully comfortable with financial markets and trading algorithms in order books. You have:
• Understanding of digital assets, either professional or personal interest.
• Understanding of financial market micro structures.
• Strong attention to detail
• Good communicator
• Programming skills in Python
• Prior experience in building or researching trading algorithms
• A background or substantial experience in a STEM subject.
• Passion for algorithmic trading
• Prior knowledge of market making algorithms is a plus
• The ability to take ownership of a project while collaborating on it with colleagues
• Fluent in English
• Nice to have: Stochastic Calculus, dynamic programming
• Nice to have (tech): RUST, AWS, R

Our recruitment philosophy

We value self-awareness in our recruitment process. We seek people who understand themselves and their career goals. We're after those with the right skills and a conscious choice to join our field. The perfect fit? A crypto enthusiast who’s driven, collaborative, and delivers solid, scalable outcomes.
Our offer
• A competitive salary package
• Autonomy in your time management thanks to flexible working hours and the opportunity to work remotely
• The freedom to create your own entrepreneurial experience by being part of a team of people in search of excellence

As an employer we are committed to build an inclusive, diverse and non-discriminating work environment. We welcome employees of all backgrounds, ethnicities, genders, creed and sexual orientation. We hire, reward and promote entirely based on merit and performance.

Due to the nature of our business and external requirements, we perform background checks on all potential employees, passing which is a prerequisite to join Keyrock.

https://keyrock.com/careers/",eyJqb2JfdGl0bGUiOiJTZW5pb3IgSEZUIFF1YW50aXRhdGl2ZSBUcmFkZXIvUmVzZWFyY2hlciAtIERpZ2l0YWwgQXNzZXRzIChFVSBSZW1vdGUpIiwiY29tcGFueV9uYW1lIjoiS2V5cm9jayIsImFkZHJlc3NfY2l0eSI6IlN3aXR6ZXJsYW5kIiwiaHRpZG9jaWQiOiJpQ0prMGxtekNlSGRqQ0VTQUFBQUFBPT0iLCJ1dWxlIjoidytDQUlRSUNJTFUzZHBkSHBsY214aGJtUSIsImdsIjoidXMiLCJobCI6ImVuIn0=,https://serpapi.com/searches/685142d0392e0b74bac38c72/images/12380f8a32dd6f308d5e30a58f3901f7e0263c36f411b5209c5f195d413227de.jpeg,26 days ago,True,Full-time,,2025-06-17 12:26:26.707198,Quantitative Trader,Switzerland
Quant Trader - Power Intraday,DXT Commodities,"Lugano, Switzerland",Indeed Suisse,"['29 days ago', 'Full-time']","Quant Trader – Power Intraday

DXT Commodities SA, a leading commodity trading firm based in Lugano, is looking for an experienced quant trader to strengthen its intraday power desk.

As a person, you are highly analytical, self-driven, and curious. You take initiative and consistently challenge yourself and your colleagues to improve and innovate.

Responsibilities and tasks:
• Develop, test, and implement systematic trading strategies for intraday power markets
• Optimize execution processes ensuring efficiency
• Monitor and adjust strategies based on back-testing and performance
• Collaborate with traders and analysts to translate insights into action

Candidate’s requirements:
• Master’s degree in computer science, physics, engineering
• 2 years of experience in quantitative role in financial trading, preferably intraday power
• Knowledge of time series analysis, forecasting, machine learning
• Proficient in Python and SQL; familiarity with tools such as Excel and VBA
• Strong mathematical and analytical skills, result driven attitude
• Fluent in English, any other language is a plus

What we offer:
• Become part of a well-established intraday trading team
• Competitive salary and benefits package
• High-impact role in a successful and expanding power trading desk
• Rewarding and performance-driven environment
• A dynamic and passionate team with fun and innovative atmosphere

About:

DXT is a leading international energy trading company which is committed to the global energy transition. Our worldwide presence includes offices on all continents creating a strong network of international business platforms. DXT’s mission is to broaden our integrated portfolio of commodities by exploiting our trading expertise within a highly tech-driven framework.

Please send your current CV to: hr.quant.trader@dxt.com. Only suitable profiles will be contacted.",eyJqb2JfdGl0bGUiOiJRdWFudCBUcmFkZXIgLSBQb3dlciBJbnRyYWRheSIsImNvbXBhbnlfbmFtZSI6IkRYVCBDb21tb2RpdGllcyIsImFkZHJlc3NfY2l0eSI6Ikx1Z2FubywgU3dpdHplcmxhbmQiLCJodGlkb2NpZCI6IktNZk1UaWxLTVJZcDZWY0ZBQUFBQUE9PSIsInV1bGUiOiJ3K0NBSVFJQ0lMVTNkcGRIcGxjbXhoYm1RIiwiZ2wiOiJ1cyIsImhsIjoiZW4ifQ==,,29 days ago,,Full-time,,2025-06-17 12:26:26.707198,Quantitative Trader,Switzerland
Quant trader – Power Intraday,DXT Commodities,"Lugano, Switzerland",LinkedIn,"['21 hours ago', 'Full-time']","Quant trader – Power Intraday

DXT Commodities SA, a leading commodity trading firm based in Lugano, is looking for an experienced quant trader to strengthen its intraday power desk.

As a person, you are highly analytical, self-driven, and curious. You take initiative and consistently challenge yourself and your colleagues to improve and innovate.

Responsibilities and tasks:
• Develop, test, and implement systematic trading strategies for intraday power markets
• Optimize execution processes ensuring efficiency
• Monitor and adjust strategies based on backtesting and performance
• Collaborate with traders and analysts to translate insights into action

Candidate’s requirements:
• Master’s degree in computer science, physics, engineering
• 2 years of experience in quantitative role in financial trading, preferably intraday power
• Knowledge of time series analysis, forecasting, machine learning
• Proficient in Python and SQL; familiarity with tools such as Excel and VBA
• Strong mathematical and analytical skills, result driven attitude
• Fluent in English, any other language is a plus

What we offer:
• Become part of a well-established intraday trading team
• Competitive salary and benefits package
• High-impact role in a successful and expanding power trading desk
• Rewarding and performance-driven environment
• A dynamic and passionate team with fun and innovative atmosphere

About:

DXT is a leading international energy trading company which is committed to the global energy transition. Our worldwide presence includes offices on all continents creating a strong network of international business platforms.

DXT’s mission is to broaden our integrated portfolio of commodities by exploiting our trading expertise within a highly tech-driven framework.

Please send your updated CV to: hr.quant.trader@dxt.com

Only suitable profiles will be contacted.",eyJqb2JfdGl0bGUiOiJRdWFudCB0cmFkZXIg4oCTIFBvd2VyIEludHJhZGF5IiwiY29tcGFueV9uYW1lIjoiRFhUIENvbW1vZGl0aWVzIiwiYWRkcmVzc19jaXR5IjoiTHVnYW5vLCBTd2l0emVybGFuZCIsImh0aWRvY2lkIjoiX1UtaEZCUXU1dUh2V2wxUEFBQUFBQT09IiwidXVsZSI6IncrQ0FJUUlDSUxVM2RwZEhwbGNteGhibVEiLCJnbCI6InVzIiwiaGwiOiJlbiJ9,https://serpapi.com/searches/685142d0392e0b74bac38c72/images/12380f8a32dd6f30d5e09fbb608165a1ef63253b24c8f4e95a94bbeadee75a7a.jpeg,21 hours ago,,Full-time,,2025-06-17 12:26:26.707198,Quantitative Trader,Switzerland
"Crypto Quant Analyst, Geneva",AP Executive,"Geneva, Switzerland",AP Executive,"['27 days ago', 'CHF\xa0120K–CHF\xa0150K a year', 'Full-time']","AP Executive are supporting a global business to hire a Quantitative Crypto Analyst to join part of a new, subscription-based platform. As the Quantitative Crypto Analyst, you will be responsible for developing the crypto quantitative models and tools which will be used by the wider team. You will collaborate closely with the research analyst, editors and Head of Digital Marketing. This role requires a strong technical background and a deep understanding of cryptocurrency markets and trading.
• Design, develop, and implement advanced crypto quantitative models
• Oversee the development and enhancement of analytics platforms, ensuring robust data pipelines and computational efficiency.
• Collaborate with editors and research analyst to identify opportunities for data-driven trading strategies and provide quantitative insights.
• Ensure high-quality model validation, backtesting, and stress testing for trading strategies and risk management applications.
• Work closely with IT and technology teams to optimize infrastructure, enhance data accessibility, and integrate cutting-edge technologies.
• Stay up to date with the latest advancements in quantitative finance, machine learning, and artificial intelligence, applying relevant methodologies to trading operations.
• Communicate complex quantitative concepts and model results to senior management, traders, and stakeholders in a clear and concise manner.
• Promote a data-driven culture within the organization, leveraging big data analytics, cloud computing, and AI-based solutions.

To be considered for this position you will have an excellent academic track record with significant post-graduate qualifications, ideally a PhD. You will ideally have professional experience in the crypto sector, or at the very least have a detailed personal interest and conducted your own research. You will have strong coding/modelling skills (Python, R, C++, MATLAB, SQL.) and posses the ability to interpret complex data sets and communicate them to non-technical colleagues.

To apply for this position please send your CV to Don Fletcher via don.fletcher@ap-executive.com or contact him via whatsapp on +44 7817 258 331

AP Group is acting as an introductory service in relation to this vacancy. By submitting your CV for consideration, you are consenting to its retention for the purpose of securing you work. Any information you provide to AP Group and its subsidiaries will be subject to the protection of Data Protection Laws, our policy for which can be found at https://www.apgroupglobal.com/privacy-notice/",eyJqb2JfdGl0bGUiOiJDcnlwdG8gUXVhbnQgQW5hbHlzdCwgR2VuZXZhIiwiY29tcGFueV9uYW1lIjoiQVAgRXhlY3V0aXZlIiwiYWRkcmVzc19jaXR5IjoiR2VuZXZhLCBTd2l0emVybGFuZCIsImh0aWRvY2lkIjoienpPTHpqR0psOVoyVFJYaUFBQUFBQT09IiwidXVsZSI6IncrQ0FJUUlDSUxVM2RwZEhwbGNteGhibVEiLCJnbCI6InVzIiwiaGwiOiJlbiJ9,,27 days ago,,Full-time,CHF 120K–CHF 150K a year,2025-06-17 12:26:26.707198,Quantitative Trader,Switzerland
Entry-Level Quantitative Strategist,WorldQuant,"Zug, Switzerland",LinkedIn,"['1 day ago', 'Full-time']","WorldQuant develops and deploys systematic financial strategies across a broad range of asset classes and global markets. We seek to produce high-quality predictive signals (alphas) through our proprietary research platform to employ financial strategies focused on market inefficiencies. Our teams work collaboratively to drive the production of alphas and financial strategies – the foundation of a balanced, global investment platform.

WorldQuant is built on a culture that pairs academic sensibility with accountability for results. Employees are encouraged to think openly about problems, balancing intellectualism and practicality. Excellent ideas come from anyone, anywhere. Employees are encouraged to challenge conventional thinking and possess an attitude of continuous improvement.

Our goal is to hire the best and the brightest. We value intellectual horsepower first and foremost, and people who demonstrate an outstanding talent. There is no roadmap to future success, so we need people who can help us build it.

The Role
• We are seeking candidates with a quantitative educational background and an interest in systematic trading

Job Responsibilities (include, But Not Limited To The Following)
• Support Portfolio Managers with alpha research, modelling, portfolio construction, optimization, and implementation of quantitative trading strategies
• Build and maintain tools and systems used throughout the quantitative research and portfolio management processes

What You’ll Bring
• PhD or Masters degree from a top university, with a major in computer science, mathematics, statistics, physics, engineering, or quantitative finance discipline
• Demonstrated ability to program in Python and/or C++, with a strong background in data structures and algorithms
• Working knowledge of Linux
• Strong problem-solving abilities
• Strong moral integrity and work ethic

Our Benefits
• Core Benefits: Fully paid medical and dental insurance for employees and dependents, flexible spending account, 401k, full paid parental leave, generous PTO (paid time off) with unlimited sick days
• Perks: Employee discounts for gym memberships, wellness activities etc., healthy snacks, casual dress code
• Training: learning and development courses, speakers, team-building off-site
• Employee resource groups

WorldQuant is a total compensation organization where you will be eligible for a base salary, discretionary performance bonus, and benefits. The estimated salary range for this position is $150,000 to $200,000 which is specific to New York and may change in the future. When finalizing an offer, we will take into consideration an individual’s experience level and the qualifications they bring to the role to formulate a competitive total compensation package.

By submitting this application, you acknowledge and consent to terms of the WorldQuant Privacy Policy. The privacy policy offers an explanation of how and why your data will be collected, how it will be used and disclosed, how it will be retained and secured, and what legal rights are associated with that data (including the rights of access, correction, and deletion). The policy also describes legal and contractual limitations on these rights. The specific rights and obligations of individuals living and working in different areas may vary by jurisdiction.

Copyright © 2025 WorldQuant, LLC. All Rights Reserved.

WorldQuant is an equal opportunity employer and does not discriminate in hiring on the basis of race, color, creed, religion, sex, sexual orientation or preference, age, marital status, citizenship, national origin, disability, military status, genetic predisposition or carrier status, or any other protected characteristic as established by applicable law.",eyJqb2JfdGl0bGUiOiJFbnRyeS1MZXZlbCBRdWFudGl0YXRpdmUgU3RyYXRlZ2lzdCIsImNvbXBhbnlfbmFtZSI6IldvcmxkUXVhbnQiLCJhZGRyZXNzX2NpdHkiOiJadWcsIFN3aXR6ZXJsYW5kIiwiaHRpZG9jaWQiOiJIT1kwZnpkeFp6RDBkMkd2QUFBQUFBPT0iLCJ1dWxlIjoidytDQUlRSUNJTFUzZHBkSHBsY214aGJtUSIsImdsIjoidXMiLCJobCI6ImVuIn0=,https://serpapi.com/searches/685142d0392e0b74bac38c72/images/12380f8a32dd6f303b89f4b9e40acee11eb29ba4f90316ffbb31f51f0801636d.jpeg,1 day ago,,Full-time,,2025-06-17 12:26:26.707198,Quantitative Trader,Switzerland
Junior Quantitative Researcher,Swissblock Technologies AG,"Zug, Switzerland",LinkedIn,"['5 days ago', 'Full-time']","Swissblock Technologies

Swissblock Technologies is a private investment firm dedicated to pioneering cryptocurrency integration with cross-asset investing. Applying a quantitative view to financial markets, we manage systematic multi-strategy portfolios of digital and traditional assets.

Our Systematic Crypto Group transforms market insights into robust algorithmic investment strategies, trading fully automated on our prop trading infrastructure. We are dedicated to a collaborative, non-siloed environment with shared incentives, where each member can directly shape the team’s and company's future.

This role can based from anywhere in Switzerland.

Responsibilities and Objectives

Quantitative Researchers in our Systematic Crypto Group have the opportunity to drive the research process from ideation to final implementation, ultimately specialising according to individual strengths and preferences. This will involve to
• Analyse the crypto ecosystems to uncover the fundamental dynamics that drive price and risk formation.
• Utilise advanced statistical techniques on both traditional and crypto-specific data sets.
• Conceptualised and enhanced monetisation systems for trading signals and other market anomalies.
• Implement, backtest, and deploy algorithmic trading strategies within a live trading environment.
• Monitor live strategy performance and integrate insights into the research loop.
• Participate in the development of our research agenda based on research findings and ideas.

Skills and Talents
• Advanced degree in a highly quantitative field.
• Excellent analytical skills with strong attention to detail; ability to maintain a pragmatic mindset.
• Passion for traditional and crypto markets; driven to model the underlying market dynamics.
• Ability to conduct data-driven research focused on solving real-world problems.
• Dedication to continuous learning and making an impact; willingness to question the status quo.
• Ability to effectively summarise and clearly communicate research results.
• Prior exposure to quantitative research (preferably in digital assets).
• Proficiency in Python and experience in using statistical packages.

Culture

Swissblock Technologies offers an exciting and diverse environment with flat hierarchies and excellent peers. We are a profitable company with a culture based on responsibility and merit. Empowerment of each individual team member is a key value reflected in our career dynamics, which continuously grow with the business.

In addition to a modern office in Baar, Switzerland – flexibility to work remotely within Switzerland – we propose a competitive compensation package, an annual bonus, 25 days of annual leave, progressive social benefits, and engaging company events.",eyJqb2JfdGl0bGUiOiJKdW5pb3IgUXVhbnRpdGF0aXZlIFJlc2VhcmNoZXIiLCJjb21wYW55X25hbWUiOiJTd2lzc2Jsb2NrIFRlY2hub2xvZ2llcyBBRyIsImFkZHJlc3NfY2l0eSI6Ilp1ZywgU3dpdHplcmxhbmQiLCJodGlkb2NpZCI6IllGRy1tMjQyMDRVa2hlLTFBQUFBQUE9PSIsInV1bGUiOiJ3K0NBSVFJQ0lMVTNkcGRIcGxjbXhoYm1RIiwiZ2wiOiJ1cyIsImhsIjoiZW4ifQ==,https://serpapi.com/searches/685142d0392e0b74bac38c72/images/12380f8a32dd6f30a3849998c6125fd51c1ffb20dd3d40575e7aaa24680987c8.jpeg,5 days ago,,Full-time,,2025-06-17 12:26:26.707198,Quantitative Trader,Switzerland
Quant Developer,Selby Jennings,"Geneva, Switzerland",WhatJobs,"['8 days ago', 'Full-time']","Quant Developer

Location: Geneva, Switzerland

Position Summary: Our client, a prestigious hedge fund based in Geneva, is seeking a highly skilled Quant Developer to join their dynamic team. The ideal candidate will have extensive experience in equities and futures, and will be adept at developing and implementing quantitative models. This role involves working closely with portfolio managers and traders to enhance trading strategies with a typical holding period of 7 days.

Key Responsibilities:
Develop and maintain quantitative models for equities and futures trading strategies. Collaborate with portfolio managers and traders to optimize trading algorithms. Perform in-depth data analysis to support model development and strategy enhancement. Implement models in a robust and scalable manner using modern programming languages. Monitor and improve existing trading strategies to ensure optimal performance. Conduct research to identify new trading opportunities and refine existing models. Utilize advanced statistical and machine learning techniques to analyze market data. Ensure compliance with regulatory requirements and internal risk management protocols.

Required Qualifications:
Bachelor's, Master's, or PhD in a quantitative field such as Mathematics, Physics, Engineering, Computer Science, or Finance. Proven experience in quantitative analysis and model development within the equities and futures markets. Proficiency in programming languages such as Python, C++, or Java. Strong knowledge of statistical and machine learning techniques. Excellent analytical and problem-solving skills. Ability to work effectively in a fast-paced, collaborative environment. Strong communication skills and the ability to explain complex concepts to non-technical stakeholders.

Preferred Qualifications:
Experience with big data technologies and tools. Familiarity with risk management practices and regulatory requirements in the financial industry. Previous experience working within a hedge fund or similar financial institution.

Why Join Our Client:
Work with a leading hedge fund with a strong track record of success. Be part of a highly skilled and collaborative team in a vibrant financial hub. Opportunity to work on cutting-edge trading strategies and technologies. Competitive compensation package with performance-based incentives. Professional growth and development opportunities within the organization.

If you are a talented Quant Developer with a passion for financial markets and a proven track record in equities and futures, we invite you to apply for this exciting opportunity with our client in Geneva.",eyJqb2JfdGl0bGUiOiJRdWFudCBEZXZlbG9wZXIiLCJjb21wYW55X25hbWUiOiJTZWxieSBKZW5uaW5ncyIsImFkZHJlc3NfY2l0eSI6IkdlbmV2YSwgU3dpdHplcmxhbmQiLCJodGlkb2NpZCI6IlRia1NIWl8tOWxuYlFlQXBBQUFBQUE9PSIsInV1bGUiOiJ3K0NBSVFJQ0lMVTNkcGRIcGxjbXhoYm1RIiwiZ2wiOiJ1cyIsImhsIjoiZW4ifQ==,,8 days ago,,Full-time,,2025-06-17 12:26:29.222485,Quantitative Trader,Switzerland
Quantitative Developer -- Crypto Options,NUMEUS GROUP,"Zug, Switzerland",LinkedIn,"['23 days ago', 'Full-time']","Numeus is a diversified digital asset investment firm built to the highest institutional standards, combining synergistic businesses across Alpha Strategies, Trading, and Asset Management.

Numeus was founded by successful executives with decades of experience across the finance, blockchain and technology industries, with a shared passion for digital assets. Our values are grounded in an open approach based on connectivity, collaboration, and partnerships across the digital asset ecosystem. People and technology are at the core of everything we do.

As a Senior Quantitative Developer on our Crypto Options team, you will design and build the production systems that power our derivatives trading strategies and market making operations. You'll be responsible for developing robust, efficient trading applications that implement sophisticated quantitative models for pricing, risk management, and alpha generation across crypto options markets. This role sits at the intersection of trading strategy implementation and software engineering, requiring both technical expertise and financial markets understanding.

Key Responsibilities:
• Develop full-stack production applications to run derivatives strategies and support market making operations for crypto options
• Implement pricing and risk management models for crypto volatility surfaces and options contracts
• Create tools for market data analysis, trade execution, and performance evaluation
• Develop connectivity solutions for crypto derivatives exchanges with error handling and reconnection logic
• Design trading execution algorithms for crypto options markets
• Collaborate with quantitative researchers to translate trading strategy concepts into production code
• Implement monitoring dashboards and real-time risk management tools

Skill Set and Qualifications:
• Bachelor's or Master's degree in Computer Science, Mathematics, Engineering, or related quantitative field
• 3+ years of software development experience in finance or trading
• Strong programming skills in C++, Rust, Python and knowledge of object-oriented design
• Experience developing production trading systems or financial applications
• Working knowledge of database systems and data processing
• Experience with web technologies and API design
• Familiarity with options pricing models and volatility surfaces

Are you keen to work in a well-resourced startup environment, where your ideas, experience, and drive to find creative solutions makes a difference? We’d like to hear from you.",eyJqb2JfdGl0bGUiOiJRdWFudGl0YXRpdmUgRGV2ZWxvcGVyIC0tIENyeXB0byBPcHRpb25zIiwiY29tcGFueV9uYW1lIjoiTlVNRVVTIEdST1VQIiwiYWRkcmVzc19jaXR5IjoiWnVnLCBTd2l0emVybGFuZCIsImh0aWRvY2lkIjoiS21MTGZhUWpRdHJXRjRPbUFBQUFBQT09IiwidXVsZSI6IncrQ0FJUUlDSUxVM2RwZEhwbGNteGhibVEiLCJnbCI6InVzIiwiaGwiOiJlbiJ9,https://serpapi.com/searches/685142d22088affbc23550ec/images/69d2273d7e98b4708543d5fdabb934b38032988bd301ce00dc1421e1ccb79048.gif,23 days ago,,Full-time,,2025-06-17 12:26:29.222485,Quantitative Trader,Switzerland
Crypto Quant Analyst,AP Group Ltd,"Geneva, Switzerland",Learn4Good,"['24 days ago', 'CHF\xa030K–CHF\xa080K a year', 'Full-time']","AP Executive is supporting a global business in hiring a Quantitative Crypto Analyst for a new subscription-based platform. As the Quantitative Crypto Analyst
, you will be responsible for developing crypto quantitative models and tools used by the wider team. You will collaborate closely with research analysts, editors, and the Head of Digital Marketing. This role requires a strong technical background and a deep understanding of cryptocurrency markets and trading.
Responsibilities:
• Design, develop, and implement advanced crypto quantitative models.
• Oversee the development and enhancement of analytics platforms, ensuring robust data pipelines and computational efficiency.
• Collaborate with editors and research analysts to identify opportunities for data-driven trading strategies and provide quantitative insights.
• Ensure high-quality model validation, backtesting, and stress testing for trading strategies and risk management.
• Work closely with IT and technology teams to optimize infrastructure, enhance data accessibility, and integrate cutting-edge technologies.
• Stay up-to-date with advancements in quantitative finance, machine learning, and AI, applying relevant methodologies to trading operations.
• Communicate complex quantitative concepts and model results clearly to senior management, traders, and stakeholders.
• Promote a data-driven culture within the organization, leveraging big data analytics, cloud computing, and AI-based solutions.Qualifications:

Candidates should have an excellent academic record with significant postgraduate qualifications, ideally a PhD. Professional experience in the crypto sector is preferred, or at least a strong personal interest and research in the field. Strong coding and modeling skills in Python, R, C++, MATLAB, or SQL are required, along with the ability to interpret complex data sets and communicate findings to non-technical colleagues.
Application Process:

To apply, please send your CV to Don Fletcher via email or contact him via Whats App at .

AP Group acts as an introductory service for this vacancy. By submitting your CV, you consent to its retention for employment purposes. All information provided is protected under Data Protection Laws. For our privacy policy, visit
#J-18808-Ljbffr",eyJqb2JfdGl0bGUiOiJDcnlwdG8gUXVhbnQgQW5hbHlzdCIsImNvbXBhbnlfbmFtZSI6IkFQIEdyb3VwIEx0ZCIsImFkZHJlc3NfY2l0eSI6IkdlbmV2YSwgU3dpdHplcmxhbmQiLCJodGlkb2NpZCI6IkVYM1hqMHdycWJ5aHVUMFZBQUFBQUE9PSIsInV1bGUiOiJ3K0NBSVFJQ0lMVTNkcGRIcGxjbXhoYm1RIiwiZ2wiOiJ1cyIsImhsIjoiZW4ifQ==,,24 days ago,,Full-time,CHF 30K–CHF 80K a year,2025-06-17 12:26:29.222485,Quantitative Trader,Switzerland
Credit Risk Model Validation Quantitative Analyst,UBS AG,"Zürich, Switzerland",Jobijoba.ch,"['5 days ago', '€100K–€125K a year', 'Full-time', 'No degree mentioned']","Pay Competitive

Employment type Full-Time

Job Description

Req#: 275601BR • good quantitative and modelling skills with completed education in a quantitative field (e.g. econometrics, financial economics, financial mathematics, statistics, engineering, physics, mathematics)

• graduate level or with 1-2 years of experience in a similar role

• knowledge of financial markets and products, interest in the financial services industry

• experience in statistical and economic modeling techniques, ie. regression, logistic regression, time series, error correction model etc.

• good communication skills in English and the ability to explain technical topics clearly and intuitively

• good computing and programming (coding) skills and experience utilizing programming languages such as R or Python

• motivated, well organized and able to represent your work at ease

About the company

UBS is a global firm providing financial services in over 50 countries. Visit our site to find out what we offer in the United States of America.

Notice

Talentify is an Equal Opportunity Employer. All qualified applicants will receive consideration for employment without regard to race, color, religion, sex, sexual orientation, gender identity, national origin, disability, or protected veteran status.

Talentify provides reasonable accommodations to qualified applicants with disabilities, including disabled veterans. Request assistance at accessibility@talentify.io or 407-000-0000.

Federal law requires every new hire to complete Form I-9 and present proof of identity and U.S. work eligibility.

An Automated Employment Decision Tool (AEDT) will score your job-related skills and responses. Bias-audit & data-use details: www.talentify.io/bias-audit-report. NYC applicants may request an alternative process or accommodation at aedt@talentify.io or 407-000-0000.

#J-18808-Ljbffr",eyJqb2JfdGl0bGUiOiJDcmVkaXQgUmlzayBNb2RlbCBWYWxpZGF0aW9uIFF1YW50aXRhdGl2ZSBBbmFseXN0IiwiY29tcGFueV9uYW1lIjoiVUJTIEFHIiwiYWRkcmVzc19jaXR5IjoiWsO8cmljaCwgU3dpdHplcmxhbmQiLCJodGlkb2NpZCI6InVsdXktVDNOeS1XVmhMSm5BQUFBQUE9PSIsInV1bGUiOiJ3K0NBSVFJQ0lMVTNkcGRIcGxjbXhoYm1RIiwiZ2wiOiJ1cyIsImhsIjoiZW4ifQ==,,5 days ago,,Full-time,€100K–€125K a year,2025-06-17 12:26:45.809723,Model Validation Analyst,Switzerland
Quantitative Credit Risk Model Validator,beBee Careers,"Zürich, Switzerland","Trabajo.org - Stellenangebote, Arbeit","['5 days ago', 'Full-time', 'No degree mentioned']","Job Overview
Key Responsibilities
• To validate credit risk models using quantitative analysis and modeling techniques.
• Develop and maintain statistical and economic models to assess credit risk.

The ideal candidate will have a strong background in econometrics, financial economics, or a related field, with experience in regression analysis, logistic regression, time series analysis, and error correction modeling.

We are seeking a highly motivated individual who is able to effectively communicate complex technical concepts to both technical and non-technical stakeholders.

The role requires strong computing and programming skills, with experience in languages such as R or Python.

Able to work independently and as part of a team to achieve business objectives.

About the Role

This is an exciting opportunity to join a dynamic team and contribute to the development of credit risk models that drive business decisions.

As a Credit Risk Model Validation Quantitative Analyst, you will play a key role in ensuring the accuracy and reliability of our credit risk models.

You will be responsible for developing and maintaining statistical and economic models to assess credit risk, and working closely with other teams to ensure that our models meet regulatory requirements.

Requirements

• Good quantitative and modeling skills with completed education in a quantitative field (e.g. econometrics, financial economics, financial mathematics, statistics, engineering, physics, mathematics)
• Graduate level or with 1-2 years of experience in a similar role
• Knowledge of financial markets and products, interest in the financial services industry
• Experience in statistical and economic modeling techniques, ie. regression, logistic regression, time series, error correction model etc.
• Good communication skills in English and the ability to explain technical topics clearly and intuitively
• Good computing and programming (coding) skills and experience utilizing programming languages such as R or Python
• Motivated, well organized and able to represent your work at ease",eyJqb2JfdGl0bGUiOiJRdWFudGl0YXRpdmUgQ3JlZGl0IFJpc2sgTW9kZWwgVmFsaWRhdG9yIiwiY29tcGFueV9uYW1lIjoiYmVCZWUgQ2FyZWVycyIsImFkZHJlc3NfY2l0eSI6IlrDvHJpY2gsIFN3aXR6ZXJsYW5kIiwiaHRpZG9jaWQiOiJDajdBbzNnaFY1RGR3Z1VZQUFBQUFBPT0iLCJ1dWxlIjoidytDQUlRSUNJTFUzZHBkSHBsY214aGJtUSIsImdsIjoidXMiLCJobCI6ImVuIn0=,https://serpapi.com/searches/685142e1f30d1311d6045ef2/images/6e70918744924daee4f607635027c7f41126698e0aaf0d7441dbbb73290f9776.png,5 days ago,,Full-time,,2025-06-17 12:26:45.809723,Model Validation Analyst,Switzerland
Head of Quantitative Fund Analysis Portfolio Management 100% (m/f/d),LGT – Private Banking und Asset Management,"Zürich, Switzerland",Talentify,['Full-time'],"LGT is the world’s largest family-owned and managed Private Banking and Asset Management Group. For more than 100 years it has been fully owned and managed by the Princely House of Liechtenstein, which is also one of our biggest clients.
With around 600 employees, LGT Bank Switzerland has established itself as a renowned Swiss private bank and is an excellent address for both wealthy private clients and employees - this was also confirmed last year by the independent institute ""Great Place To Work"", which awarded LGT Bank Switzerland the title of one of the best employers in Switzerland.

Job Description
• You manage portfolio modules consisting of collective investments and are responsible for the performance
• You optimize the portfolio modules using and developing quantitative methods
• You support our portfolio management in the construction and analysis of existing multi-asset portfolios and work closely with the portfolio managers
• You analyze and evaluate fund managers and their current and past portfolio investments using qualitative and quantitative methods
• While asymmetric investment strategies form part of our multi-asset portfolio, your primary role will involve managing portfolio modules and selection/analysis of traditional funds
• An important part of your role will be to develop the portfolio modules to be congruent with the strategic as well as tactical investment strategy
• In addition, you will analyze and select fund managers and collective investment schemes that offer attractive investment solutions for our clients in the Iberian market (traspaso)

Requirements
• College or university degree with related advanced training CIIA/CEFA or CFA
• 5 years or more of professional experience in an analytical or portfolio management role in the financial industry
• Passionate interest in financial market topics and quantitative investment approaches
• Excellent knowledge of concepts related to the analysis and evaluation of inherent risks of multi-asset investments
• Excellent Excel and VBA skills. Other programming skills such as Matlab, Python or R an advantage
• Experience analyzing and interpreting the current macroeconomic environment desirable
• Fluent in written and spoken German and English, further foreign language skills an advantage
• Communication skills and professional appearance, service-oriented, team player, efficient way of working, persuasiveness

We offer you exciting and long-term development opportunities as well as a challenging and dynamic environment that opens up personal and professional perspectives. LGT also stands for attractive working conditions and social benefits as well as a unique corporate culture.

Help shape LGT and become part of a family - not just a company.

Please note that we cannot consider applications via recruitment agencies for this position.

Contact Information

For further information please do not hesitate to contact us.

LGT Bank (Schweiz) AG

Human Resources
Nicole Bider",eyJqb2JfdGl0bGUiOiJIZWFkIG9mIFF1YW50aXRhdGl2ZSBGdW5kIEFuYWx5c2lzIFBvcnRmb2xpbyBNYW5hZ2VtZW50IDEwMCUgKG0vZi9kKSIsImNvbXBhbnlfbmFtZSI6IkxHVCDigJMgUHJpdmF0ZSBCYW5raW5nIHVuZCBBc3NldCBNYW5hZ2VtZW50IiwiYWRkcmVzc19jaXR5IjoiWsO8cmljaCwgU3dpdHplcmxhbmQiLCJodGlkb2NpZCI6IkE0Z1dEbV9kcG81emhWUjhBQUFBQUE9PSIsInV1bGUiOiJ3K0NBSVFJQ0lMVTNkcGRIcGxjbXhoYm1RIiwiZ2wiOiJ1cyIsImhsIjoiZW4ifQ==,,,,Full-time,,2025-06-17 12:26:49.778517,Quantitative Portfolio Manager,Switzerland
Portfolio Manager with portable Quant Strategy,Leibniz Group,Anywhere,Indeed CH,"['Work from home', 'Full-time']","Seeking a talented Quantitative Portfolio Manager to join our dynamic and fast-growing investment team.

Leibniz Group is a fast growing Multi-Strategy Multi-Manager Asset Management firm recognized for its innovative systematic and machine learning-driven investment strategies. Our team of experienced professionals manages 12 award-winning strategies, available through various vehicles including managed accounts and funds, and customizable to meet clients' needs.

This is an exceptional opportunity for a seasoned manager with a live and transportable systematic/quantitative investment strategy to bring their expertise and drive growth for our firm.

The ideal candidate should have:
1. Proven experience as a Systematic Portfolio Manager
2. A live and transportable investment strategy with a minimum capacity of $300 million
3. Strong analytical and strategic thinking skills
4. Ability to drive growth and performance through sound decisions
5. Excellent interpersonal and communication skills

If you are a driven and innovative Portfolio Manager with a passion for systematic investment strategies, we encourage you to apply. This is a unique opportunity to join a dynamic team and bring your expertise to the next level.

Tasks

1. Oversee the operation of your systematized investment strategy
2. Participate in all aspects of the quant trading process, including idea generation, strategy research, development, implementation, API connectivity, and portfolio management
3. Maintain regular communication with the internal investment committee and clients
4. Research and integrate new data sets to inform investment decisions
5. Conduct backtesting to assess the performance and risk of investment strategies
6. Engage in market microstructure research and alpha signal analysis to identify new opportunities and improve investment outcomes.

Requirements

1. Minimum 5+ years of demonstrated success managing your own systematized investment strategy, with a preference for experience in Futures, Equities or Spot FX and a Sharpe ratio of at least 1.5
2. High-level programming and quantitative skills
3. Advanced degree in a quantitative field such as Mathematics, Physics, or Computer Science from a leading university
4. Strong track record of exceptional performance, ideally achieved at well-known firms
5. Self-motivated, results-oriented approach with a strong commitment to continual improvement
6. A desire to work in a flat organizational structure with a culture of mutual respect and collaboration.

Benefits

Potentially flexible location",eyJqb2JfdGl0bGUiOiJQb3J0Zm9saW8gTWFuYWdlciB3aXRoIHBvcnRhYmxlIFF1YW50IFN0cmF0ZWd5IiwiY29tcGFueV9uYW1lIjoiTGVpYm5peiBHcm91cCIsImFkZHJlc3NfY2l0eSI6IlN3aXR6ZXJsYW5kIiwiaHRpZG9jaWQiOiI3RTlheFl1RENFM2k4OTQ2QUFBQUFBPT0iLCJ1dWxlIjoidytDQUlRSUNJTFUzZHBkSHBsY214aGJtUSIsImdsIjoidXMiLCJobCI6ImVuIn0=,https://serpapi.com/searches/685142e8e396eb28e5549155/images/0978652ad710093a28b1341905ed8dea3fbc6b5d65e8c91cb5de631d4ffc3251.png,,True,Full-time,,2025-06-17 12:26:49.778517,Quantitative Portfolio Manager,Switzerland
Quantitative Investment Manager,Banque Cantonale du Valais,"Sion, Switzerland",Jobs.ch,['Full-time'],"Quantitative Investment Manager in Sion gesucht! Entwickle innovative Investmentlösungen.

Aufgaben
• Entwicklung und Management quantitativer Investmentprodukte.
• Optimierung von Portfolios und Sicherstellung der Compliance.
• Entwicklung statistischer Tools zur Leistungsverbesserung.

Fähigkeiten
• Hochschulabschluss in Finanzen, Mathematik oder IT, 5 Jahre Erfahrung.
• Erfahrung in Datenanalyse und statistischer Modellierung.
• Fließend in Französisch und Englisch (C1).

Quantitative Investment Manager
• Sion
• 80-100%

Vous souhaitez développer et gérer des solutions d’investissements basées sur des méthodologies quantitatives ? Dans ce contexte, vous assurerez leurs bons fonctionnements ainsi que le reporting qui en découle. Vous souhaitez également collaborer à l’évolution du département Asset Management & Advisory de la banque dans son ensemble? Ce poste est votre chance.

Would you like to develop and manage quantitative investment solutions? In this role, you will oversee quantitative investment products and ensure the production of regulatory reports. You will also have the opportunity to contribute to the broader development of the bank’s Asset Management & Advisory department. If this sounds exciting, this job is for you!

Concrètement ?
• Vous proposerez de nouvelles idées d’investissement pour enrichir l’offre de produit de l’Asset Management (fonds, certificats, notes, …).
• Vous participerez à tous les aspects liés au développement de méthodologies et à la gestion de produits d’investissements (trading et respect des limites règlementaires).
• Vous développerez des outils d’analyses quantitatives et statistiques afin d’améliorer les performances des portefeuilles d’investissements.
• Vous utiliserez vos connaissances de programmation afin de contribuer activement au maintien et au développement de l’infrastructure technologique de l’Asset Management.

What will you do?
• Enhance the Asset Management offering by developing new products (funds, certificates, notes, etc.).
• Manage and optimize investment products, ensuring compliance with trading and regulatory limits.
• Develop quantitative and statistical tools to improve portfolios performance.

Leverage your programming skills to maintain and expand the Asset Management technology infrastructure.

Le défi vous tente ?

Ce poste est fait pour vous si…
• Vous êtes au bénéfice d’une formation supérieure dans les domaines financiers/mathématiques/informatiques.
• Vous possédez une expérience confirmée dans la gestion de portefeuille ou le trading (au moins 5 ans d’expérience).
• Vous avez la capacité à gérer un portefeuille de façon autonome : exécution, analyse des risques, reporting.
• Grâce à votre parcours, vous offrez une maîtrise avérée tant dans l’analyse de données que l’analyse statistique.
• Vous disposez d’une bonne expérience dans au moins un langage de programmation (Python, C++, etc…).
• De nature curieux-se et motivé-e, vous trouvez des solutions à des problèmes complexes, et vous avez une bonne capacité d’analyse.
• De plus, vous êtes doté-e d’un fort esprit d’initiative pour développer l’offre en Asset Management de la banque.
• Finalement, vous parachevez vos qualités par de bonnes compétences linguistiques en français et en anglais (niveau C1).

Are you up for the challenge?

This job is for you if have/are…
• A university degree in Finance, Mathematics, or IT.
• A proven background in portfolio management or trading (5+ years of experience).
• The ability to independently manage a portfolio, including execution, risk management, and reporting.
• Strong expertise in data analysis and statistical modeling.
• Programming experience in at least one language (Python, C++, etc.).
• A proactive and solution-oriented mindset, with strong analytical skills and a sense of initiative.
• An entrepreneurial mindset to contribute to the growth of the Asset Management offering.
• Fluency in French and English (C1 level).

Rencontrons-nous !

Vous souhaitez nous rejoindre ?

Nous nous réjouissons de découvrir votre candidature. Pour ce faire, envoyez votre dossier complet à Marine Chevaley, notre HR Business Partner, à l’adresse: E-Mail schreiben d'ici au 27 avril 2025.

Come and meet us!

Would you like to join us?

We look forward to receiving your application. Please send your complete application to Marine Chevaley our HR Business Partner, at E-Mail schreiben by April 25 2025 at the latest.",eyJqb2JfdGl0bGUiOiJRdWFudGl0YXRpdmUgSW52ZXN0bWVudCBNYW5hZ2VyIiwiY29tcGFueV9uYW1lIjoiQmFucXVlIENhbnRvbmFsZSBkdSBWYWxhaXMiLCJhZGRyZXNzX2NpdHkiOiJTaW9uLCBTd2l0emVybGFuZCIsImh0aWRvY2lkIjoiNVB2T29odDc2QnhSRzB2akFBQUFBQT09IiwidXVsZSI6IncrQ0FJUUlDSUxVM2RwZEhwbGNteGhibVEiLCJnbCI6InVzIiwiaGwiOiJlbiJ9,,,,Full-time,,2025-06-17 12:26:49.778517,Quantitative Portfolio Manager,Switzerland
Co-Head of Quant Research,Harrington Starr,"Geneva, Switzerland",Harrington Starr,['Full-time'],"Co-Head of Quantitative Research

This is a genuinely exciting opportunity to join a start up fund launch based in Geneva, leading the quantitative research division.

You will work on:

• Leading a team focused on alpha research and signal generation: working on both alpha and signal generation for a high performing mid frequency equities stat arb strategy and exploring alternative systematic trading strategies.

• Model development, implementation and back testing: Building and refine predictive models to optimize trading decisions across multiple asset classes. Constructing effective back tests and reporting findings to senior traders and founders.

You will need:

• Education: PhD or MSc in STEM/quantitative related subject.

• Professional experience in a high or mid frequency trading role working on systematic quant research/alpha generation.

• Profiency in Python (C++ is beneficial) and machine learning for strategy development and backtesting

Please reach out to kate.jenkinson@harringtonstarr.com for further details",eyJqb2JfdGl0bGUiOiJDby1IZWFkIG9mIFF1YW50IFJlc2VhcmNoIiwiY29tcGFueV9uYW1lIjoiSGFycmluZ3RvbiBTdGFyciIsImFkZHJlc3NfY2l0eSI6IkdlbmV2YSwgU3dpdHplcmxhbmQiLCJodGlkb2NpZCI6IkZVamNjZWdVaWZoZk9rTWxBQUFBQUE9PSIsInV1bGUiOiJ3K0NBSVFJQ0lMVTNkcGRIcGxjbXhoYm1RIiwiZ2wiOiJ1cyIsImhsIjoiZW4ifQ==,https://serpapi.com/searches/685142e8e396eb28e5549155/images/0978652ad710093a8d65b9157af5ab5deec6c1f22fae6dcd04a9278fc36c606d.png,,,Full-time,,2025-06-17 12:26:49.778517,Quantitative Portfolio Manager,Switzerland
Book Portfolio Manager,WorldQuant,Anywhere,LinkedIn,"['11 days ago', 'Work from home', 'Full-time', 'No degree mentioned']","WorldQuant develops and deploys systematic financial strategies across a broad range of asset classes and global markets. We seek to produce high-quality predictive signals (alphas) through our proprietary research platform to employ financial strategies focused on market inefficiencies. Our teams work collaboratively to drive the production of alphas and financial strategies – the foundation of a balanced, global investment platform.

WorldQuant is built on a culture that pairs academic sensibility with accountability for results. Employees are encouraged to think openly about problems, balancing intellectualism and practicality. Excellent ideas come from anyone, anywhere. Employees are encouraged to challenge conventional thinking and possess an attitude of continuous improvement.

Our goal is to hire the best and the brightest. We value intellectual horsepower first and foremost, and people who demonstrate an outstanding talent. There is no roadmap to future success, so we need people who can help us build it.

The Role
• We are seeking candidates with quantitative portfolio management experience and intimate knowledge of systematic strategies

Job Responsibilities (include, But Not Limited To The Following)
• Develop systematic strategies that exploit statistically-based predictive signals associated with various market inefficiencies applied to a broad variety of asset classes including global equities and/or ETFs, futures, currencies and options
• Lead, manage and grow quantitative investment portfolio
• Contribute to broader firm research and strategic initiatives

What You’ll Bring
• 2+ years’ experience in developing systematic strategies including a verifiable track record with positive PnL and Sharpe
• Strong programming skills in mainstream quant programming languages, such as Python and C++

The Book Portfolio Manager Opportunity
• Transparent and formula-based compensation
• Opportunities to contribute to other research and strategy initiatives
• Access to WorldQuant’s alpha pool, portfolio management tools and innovative technology platforms
• Access to a deep and broad menu of datasets supported by a dedicated data team
• State-of-the-art cross asset execution led by a multi-regional trading team
• Participation in internal research conferences and forums
• Autonomy to build your own strategies along with several opportunities for collaboration and mentorship
• Access to cutting edge AI and Machine Learning efforts in financial markets

By submitting this application, you acknowledge and consent to terms of the WorldQuant Privacy Policy. The privacy policy offers an explanation of how and why your data will be collected, how it will be used and disclosed, how it will be retained and secured, and what legal rights are associated with that data (including the rights of access, correction, and deletion). The policy also describes legal and contractual limitations on these rights. The specific rights and obligations of individuals living and working in different areas may vary by jurisdiction.

Copyright © 2025 WorldQuant, LLC. All Rights Reserved.

WorldQuant is an equal opportunity employer and does not discriminate in hiring on the basis of race, color, creed, religion, sex, sexual orientation or preference, age, marital status, citizenship, national origin, disability, military status, genetic predisposition or carrier status, or any other protected characteristic as established by applicable law.",eyJqb2JfdGl0bGUiOiJCb29rIFBvcnRmb2xpbyBNYW5hZ2VyIiwiY29tcGFueV9uYW1lIjoiV29ybGRRdWFudCIsImFkZHJlc3NfY2l0eSI6IkdlbmV2YSwgU3dpdHplcmxhbmQiLCJodGlkb2NpZCI6ImlkbEhIa3BQNGx2NHF6VXdBQUFBQUE9PSIsInV1bGUiOiJ3K0NBSVFJQ0lMVTNkcGRIcGxjbXhoYm1RIiwiZ2wiOiJ1cyIsImhsIjoiZW4ifQ==,https://serpapi.com/searches/685142e8e396eb28e5549155/images/0978652ad710093a213077ab4d1ae3f21e135d3694368e020a38bfef0f606c08.jpeg,11 days ago,True,Full-time,,2025-06-17 12:26:49.778517,Quantitative Portfolio Manager,Switzerland
Entry-Level Quantitative Strategist,WorldQuant,Switzerland (+11 others),Built In Chicago,"['6 days ago', '150K–200K a year', 'Full-time', 'Paid time off', 'Dental insurance', 'Health insurance']","WorldQuant develops and deploys systematic financial strategies across a broad range of asset classes and global markets. We seek to produce high-quality predictive signals (alphas) through our proprietary research platform to employ financial strategies focused on market inefficiencies. Our teams work collaboratively to drive the production of alphas and financial strategies – the foundation of a balanced, global investment platform.

WorldQuant is built on a culture that pairs academic sensibility with accountability for results. Employees are encouraged to think openly about problems, balancing intellectualism and practicality. Excellent ideas come from anyone, anywhere. Employees are encouraged to challenge conventional thinking and possess an attitude of continuous improvement.

Our goal is to hire the best and the brightest. We value intellectual horsepower first and foremost, and people who demonstrate an outstanding talent. There is no roadmap to future success, so we need people who can help us build it.

The Role:
• We are seeking candidates with a quantitative educational background and an interest in systematic trading

Job Responsibilities (include, but not limited to the following)
• Support Portfolio Managers with alpha research, modelling, portfolio construction, optimization, and implementation of quantitative trading strategies
• Build and maintain tools and systems used throughout the quantitative research and portfolio management processes

What You’ll Bring:
• PhD or Masters degree from a top university, with a major in computer science, mathematics, statistics, physics, engineering, or quantitative finance discipline
• Demonstrated ability to program in Python and/or C++, with a strong background in data structures and algorithms
• Working knowledge of Linux
• Strong problem-solving abilities
• Strong moral integrity and work ethic

Our Benefits:
• Core Benefits: Fully paid medical and dental insurance for employees and dependents, flexible spending account, 401k, full paid parental leave, generous PTO (paid time off) with unlimited sick days
• Perks: Employee discounts for gym memberships, wellness activities etc., healthy snacks, casual dress code
• Training: learning and development courses, speakers, team-building off-site
• Employee resource groups

WorldQuant is a total compensation organization where you will be eligible for a base salary, discretionary performance bonus, and benefits. The estimated salary range for this position is $150,000 to $200,000 which is specific to New York and may change in the future. When finalizing an offer, we will take into consideration an individual’s experience level and the qualifications they bring to the role to formulate a competitive total compensation package.

#LI-PH1

By submitting this application, you acknowledge and consent to terms of the WorldQuant Privacy Policy. The privacy policy offers an explanation of how and why your data will be collected, how it will be used and disclosed, how it will be retained and secured, and what legal rights are associated with that data (including the rights of access, correction, and deletion). The policy also describes legal and contractual limitations on these rights. The specific rights and obligations of individuals living and working in different areas may vary by jurisdiction.

Copyright © 2025 WorldQuant, LLC. All Rights Reserved.
WorldQuant is an equal opportunity employer and does not discriminate in hiring on the basis of race, color, creed, religion, sex, sexual orientation or preference, age, marital status, citizenship, national origin, disability, military status, genetic predisposition or carrier status, or any other protected characteristic as established by applicable law.",eyJqb2JfdGl0bGUiOiJFbnRyeS1MZXZlbCBRdWFudGl0YXRpdmUgU3RyYXRlZ2lzdCIsImNvbXBhbnlfbmFtZSI6IldvcmxkUXVhbnQiLCJhZGRyZXNzX2NpdHkiOiJTd2l0emVybGFuZCIsImh0aWRvY2lkIjoiZFg4ZkMwNlpVRjd4Q0dDeUFBQUFBQT09IiwidXVsZSI6IncrQ0FJUUlDSUxVM2RwZEhwbGNteGhibVEiLCJnbCI6InVzIiwiaGwiOiJlbiJ9,https://serpapi.com/searches/685142e8e396eb28e5549155/images/0978652ad710093ab6e23211dceda344ac68dfa824202362b6338975406b0049.jpeg,6 days ago,,Full-time,150K–200K a year,2025-06-17 12:26:49.778517,Quantitative Portfolio Manager,Switzerland
"Commodities Quantitative Researcher, Systematic Global Macro",Millennium Management,"Baar, Switzerland",Indeed CH,['Full-time'],"Commodities Quantitative Researcher, Systematic Global Macro

Commodities Quantitative Researcher, Systematic Global Macro

Please direct all resume submissions to QuantTalentUS@mlp.com and reference REQ-18098 in the subject.

Millennium is a top tier global hedge fund with a strong commitment to leveraging market innovations in technology and data to deliver high-quality returns.

A small, collaborative, and entrepreneurial systematic investment team is seeking a strong commodities quantitative researcher to join in developing new signals and strategies. This opportunity provides a dynamic and fast-paced environment with excellent opportunities for career growth.

Job Description

Quantitative Researcher as part of a small, collaborative systematic global macro team with a focus on applying cutting edge techniques to strategies across the commodities, fixed income, and FX space.

Location

Flexible, with slight preference for Switzerland

Principal Responsibilities
• Identify and onboard new global markets and datasets
• Analyze and manipulate large and diverse data sets for idea generation and alpha research with a focus on the commodities space
• Research and develop signals, leveraging a variety of market and fundamental datasets, to be deployed in systematic trading strategies
• Collaborate with the Senior Portfolio Manager and team in a transparent environment, engaging with the whole investment process from idea generation through execution with a focus on the Global Commodities space

Preferred Technical Skills
• Strongly skilled in Python
• Experience programming in C is a plus
• Bachelor, Master’s, or PhD degree in Computer Science, Engineering, Applied Mathematics, Statistics or related STEM field
• Excellent communication, analytical, and problem-solving skills

Preferred Experience
• 2-4 years of experience working in a quantitative research capacity with a focus on Ags, Energy, Metals, Fixed Income, FX, or Equity Index strategies
• Experience working with large and diverse data sets, specifically data sets associated with the commodity markets
• Commodities market experience modeling futures curves and/or cross-market relationships

Highly Valued Relevant Experience
• Experience in quantitative, econometrics, asset pricing, or macro sub-fields
• Experience with machine learning, statistical techniques and related libraries

Millennium pays a total compensation package which includes a base salary, discretionary performance bonus, and a comprehensive benefits package. The estimated base salary range for this position is $100,000 to $200,000, which is specific to New York and may change in the future. When finalizing an offer, we take into consideration an individual’s experience level and the qualifications they bring to the role to formulate a competitive total compensation package.",eyJqb2JfdGl0bGUiOiJDb21tb2RpdGllcyBRdWFudGl0YXRpdmUgUmVzZWFyY2hlciwgU3lzdGVtYXRpYyBHbG9iYWwgTWFjcm8iLCJjb21wYW55X25hbWUiOiJNaWxsZW5uaXVtIE1hbmFnZW1lbnQiLCJhZGRyZXNzX2NpdHkiOiJCYWFyLCBTd2l0emVybGFuZCIsImh0aWRvY2lkIjoiTW9zWlRNMWM5d1dnZE1hdUFBQUFBQT09IiwidXVsZSI6IncrQ0FJUUlDSUxVM2RwZEhwbGNteGhibVEiLCJnbCI6InVzIiwiaGwiOiJlbiJ9,https://serpapi.com/searches/685142e8e396eb28e5549155/images/0978652ad710093aa8e887f95290fd59b0af06a1cb9d2ddaa4abe953b9711ec9.jpeg,,,Full-time,,2025-06-17 12:26:49.778517,Quantitative Portfolio Manager,Switzerland
Vice President - Liquidity Solutions,StepStone Group,Switzerland,Learn4Good,['CHF\xa0125K–CHF\xa0150K a year'],"Location: Zürichhorn

We have partnered with a leading alternative investment manager looking to hire an experienced European / G10 Fixed Income / Rates Desk Strategist to join their Macro Team in Zurich. The team manages all liquid macro strategies for the firm’s European institutional clients, focusing on G10 Rates, Rates Vol, EGBs, and Macro Credit. This role is highly analytical and market-driven, focused on trade idea generation for the PMs across European and broader G10 rates and macro fixed income markets.

This is a very high-calibre macro team, known for taking some very large positions and generating significant pnl and performance. The role also includes a strong client-facing component, requiring regular interaction with internal stakeholders, investment teams, and external clients.

Key Responsibilities
• Trade Idea Generation :
Develop and present actionable investment ideas across European Rates, G10 Rates, Rates Vol, and EGBs to support PMs.
• Collaboration with PMs & Quants :
Work closely with Portfolio Managers and quantitative teams to refine trading signals, scenario analysis, and portfolio positioning.
• Quantitative & Technical Contributions :
Utilize Python for data analysis, backtesting trade ideas, and developing proprietary models.
• Internal & External Client Interaction :
Present investment insights to senior internal teams and external clients, requiring strong communication and presentation skills.
• Portfolio Monitoring :
Track market movements, risk exposures, and P&L contributions, ensuring alignment with investment strategies.

Requirements & Qualifications
• 4-10 years of experience in Rates Strategy, Desk Strategy, or Macro Research (sell-side or buy-side).
• Strong quantitative skillset – proficiency in Python and comfort working with quantitative teams. Experience managing offshore quant resources is a plus.
• Broad macro and fixed income knowledge – strong track record of trade idea generation across European Rates curve and broader G10 Rates.
• Highly polished communicator – ability to present complex trade ideas and portfolio positioning to internal stakeholders and external clients.
• Strong academic background – MSc in Finance, Economics, Mathematics, or a related field is preferred but not required.
• Multilingual candidates are a plus – proficiency in French, Italian, Dutch, or German is advantageous.
• Ambitious and driven – proven track record of generating ideas, a strong work ethic, and long-term commitment to the role.

Key Selling Points
• High-performing Macro Team :
Work within a well-established, PnL-generating team with a strong reputation in European Rates.
• Significant Market Exposure :
Engage in high-volume trading, with approximately €300 billion in annual turnover across European Rates, Rates Vol, and Govvies.
• Path to Risk-Taking :
Potential long-term growth opportunities for strong performers who demonstrate risk-taking ability.
• Zurich-Based Role :
Contribute to the expansion of the firm’s European presence, gaining exposure to high-level investment decisions within a leading alternative asset manager.
• Collaborative and Technical Environment :
Work closely with and learn from a highly experienced team of Portfolio Managers
• Strategic and Tactical Investing :
Exposure to both short-term (1-2 weeks) and longer-term (3-6+ months) tactical and strategic trades.
• Client-Facing, High-Visibility Role :
Regular interaction with senior internal stakeholders and external clients, making this an ideal position for a strong communicator with commercial acumen.
#J-18808-Ljbffr",eyJqb2JfdGl0bGUiOiJWaWNlIFByZXNpZGVudCAtIExpcXVpZGl0eSBTb2x1dGlvbnMiLCJjb21wYW55X25hbWUiOiJTdGVwU3RvbmUgR3JvdXAiLCJhZGRyZXNzX2NpdHkiOiJTd2l0emVybGFuZCIsImh0aWRvY2lkIjoiNE9OVVpfcmNaa0ZKb2h6cUFBQUFBQT09IiwidXVsZSI6IncrQ0FJUUlDSUxVM2RwZEhwbGNteGhibVEiLCJnbCI6InVzIiwiaGwiOiJlbiJ9,,,,,CHF 125K–CHF 150K a year,2025-06-17 12:26:49.778517,Quantitative Portfolio Manager,Switzerland
Entry-Level Quantitative Strategist,WorldQuant,"Zug, Switzerland",LinkedIn,"['1 day ago', 'Full-time']","WorldQuant develops and deploys systematic financial strategies across a broad range of asset classes and global markets. We seek to produce high-quality predictive signals (alphas) through our proprietary research platform to employ financial strategies focused on market inefficiencies. Our teams work collaboratively to drive the production of alphas and financial strategies – the foundation of a balanced, global investment platform.

WorldQuant is built on a culture that pairs academic sensibility with accountability for results. Employees are encouraged to think openly about problems, balancing intellectualism and practicality. Excellent ideas come from anyone, anywhere. Employees are encouraged to challenge conventional thinking and possess an attitude of continuous improvement.

Our goal is to hire the best and the brightest. We value intellectual horsepower first and foremost, and people who demonstrate an outstanding talent. There is no roadmap to future success, so we need people who can help us build it.

The Role
• We are seeking candidates with a quantitative educational background and an interest in systematic trading

Job Responsibilities (include, But Not Limited To The Following)
• Support Portfolio Managers with alpha research, modelling, portfolio construction, optimization, and implementation of quantitative trading strategies
• Build and maintain tools and systems used throughout the quantitative research and portfolio management processes

What You’ll Bring
• PhD or Masters degree from a top university, with a major in computer science, mathematics, statistics, physics, engineering, or quantitative finance discipline
• Demonstrated ability to program in Python and/or C++, with a strong background in data structures and algorithms
• Working knowledge of Linux
• Strong problem-solving abilities
• Strong moral integrity and work ethic

Our Benefits
• Core Benefits: Fully paid medical and dental insurance for employees and dependents, flexible spending account, 401k, full paid parental leave, generous PTO (paid time off) with unlimited sick days
• Perks: Employee discounts for gym memberships, wellness activities etc., healthy snacks, casual dress code
• Training: learning and development courses, speakers, team-building off-site
• Employee resource groups

WorldQuant is a total compensation organization where you will be eligible for a base salary, discretionary performance bonus, and benefits. The estimated salary range for this position is $150,000 to $200,000 which is specific to New York and may change in the future. When finalizing an offer, we will take into consideration an individual’s experience level and the qualifications they bring to the role to formulate a competitive total compensation package.

By submitting this application, you acknowledge and consent to terms of the WorldQuant Privacy Policy. The privacy policy offers an explanation of how and why your data will be collected, how it will be used and disclosed, how it will be retained and secured, and what legal rights are associated with that data (including the rights of access, correction, and deletion). The policy also describes legal and contractual limitations on these rights. The specific rights and obligations of individuals living and working in different areas may vary by jurisdiction.

Copyright © 2025 WorldQuant, LLC. All Rights Reserved.

WorldQuant is an equal opportunity employer and does not discriminate in hiring on the basis of race, color, creed, religion, sex, sexual orientation or preference, age, marital status, citizenship, national origin, disability, military status, genetic predisposition or carrier status, or any other protected characteristic as established by applicable law.",eyJqb2JfdGl0bGUiOiJFbnRyeS1MZXZlbCBRdWFudGl0YXRpdmUgU3RyYXRlZ2lzdCIsImNvbXBhbnlfbmFtZSI6IldvcmxkUXVhbnQiLCJhZGRyZXNzX2NpdHkiOiJadWcsIFN3aXR6ZXJsYW5kIiwiaHRpZG9jaWQiOiJIT1kwZnpkeFp6RDBkMkd2QUFBQUFBPT0iLCJ1dWxlIjoidytDQUlRSUNJTFUzZHBkSHBsY214aGJtUSIsImdsIjoidXMiLCJobCI6ImVuIn0=,https://serpapi.com/searches/685142fd71a90d7bfe56b65c/images/fdedc67400e2dfad16fa2ca1df549ac992b18c79ed4fa52d0840fabdaaf492b5.jpeg,1 day ago,,Full-time,,2025-06-17 12:27:11.885096,Quantitative Strategist,Switzerland
